scenario,algorithm,density,pred_error_pct,gamma,tau_max,seed,CDSR
A,RILP,1,0,0.0,5,42,0.019876
A,RILP,1,0,0.0,5,43,0.021238
A,RILP,1,0,0.0,5,44,0.013718
A,RILP-Greedy,1,0,0.0,5,42,0.019384
A,RILP-Greedy,1,0,0.0,5,43,0.020746
A,RILP-Greedy,1,0,0.0,5,44,0.013226
A,Nam2023b,1,0,0.0,5,42,0.018235
A,Nam2023b,1,0,0.0,5,43,0.019597
A,Nam2023b,1,0,0.0,5,44,0.012077
A,Nam2025,1,0,0.0,5,42,0.017907
A,Nam2025,1,0,0.0,5,43,0.019269
A,Nam2025,1,0,0.0,5,44,0.011749
A,Youn2026,1,0,0.0,5,42,0.018563
A,Youn2026,1,0,0.0,5,43,0.019926
A,Youn2026,1,0,0.0,5,44,0.012405
A,V2I-Base,1,0,0.0,5,42,0.014989
A,V2I-Base,1,0,0.0,5,43,0.019483
A,V2I-Base,1,0,0.0,5,44,0.017292
A,V2V-Base,1,0,0.0,5,42,0.016594
A,V2V-Base,1,0,0.0,5,43,0.017957
A,V2V-Base,1,0,0.0,5,44,0.010436
A,Random-K,1,0,0.0,5,42,0.00254
A,Random-K,1,0,0.0,5,43,0.0
A,Random-K,1,0,0.0,5,44,0.003878
A,RILP,1,0,1.0,5,42,0.019876
A,RILP,1,0,1.0,5,43,0.021238
A,RILP,1,0,1.0,5,44,0.013718
A,RILP-Greedy,1,0,1.0,5,42,0.019384
A,RILP-Greedy,1,0,1.0,5,43,0.020746
A,RILP-Greedy,1,0,1.0,5,44,0.013226
A,Nam2023b,1,0,1.0,5,42,0.018235
A,Nam2023b,1,0,1.0,5,43,0.019597
A,Nam2023b,1,0,1.0,5,44,0.012077
A,Nam2025,1,0,1.0,5,42,0.017907
A,Nam2025,1,0,1.0,5,43,0.019269
A,Nam2025,1,0,1.0,5,44,0.011749
A,Youn2026,1,0,1.0,5,42,0.018563
A,Youn2026,1,0,1.0,5,43,0.019926
A,Youn2026,1,0,1.0,5,44,0.012405
A,V2I-Base,1,0,1.0,5,42,0.014989
A,V2I-Base,1,0,1.0,5,43,0.019483
A,V2I-Base,1,0,1.0,5,44,0.017292
A,V2V-Base,1,0,1.0,5,42,0.016594
A,V2V-Base,1,0,1.0,5,43,0.017957
A,V2V-Base,1,0,1.0,5,44,0.010436
A,Random-K,1,0,1.0,5,42,0.00254
A,Random-K,1,0,1.0,5,43,0.0
A,Random-K,1,0,1.0,5,44,0.003878
A,RILP,1,0,2.0,5,42,0.019876
A,RILP,1,0,2.0,5,43,0.021238
A,RILP,1,0,2.0,5,44,0.013718
A,RILP-Greedy,1,0,2.0,5,42,0.019384
A,RILP-Greedy,1,0,2.0,5,43,0.020746
A,RILP-Greedy,1,0,2.0,5,44,0.013226
A,Nam2023b,1,0,2.0,5,42,0.018235
A,Nam2023b,1,0,2.0,5,43,0.019597
A,Nam2023b,1,0,2.0,5,44,0.012077
A,Nam2025,1,0,2.0,5,42,0.017907
A,Nam2025,1,0,2.0,5,43,0.019269
A,Nam2025,1,0,2.0,5,44,0.011749
A,Youn2026,1,0,2.0,5,42,0.018563
A,Youn2026,1,0,2.0,5,43,0.019926
A,Youn2026,1,0,2.0,5,44,0.012405
A,V2I-Base,1,0,2.0,5,42,0.014989
A,V2I-Base,1,0,2.0,5,43,0.019483
A,V2I-Base,1,0,2.0,5,44,0.017292
A,V2V-Base,1,0,2.0,5,42,0.016594
A,V2V-Base,1,0,2.0,5,43,0.017957
A,V2V-Base,1,0,2.0,5,44,0.010436
A,Random-K,1,0,2.0,5,42,0.00254
A,Random-K,1,0,2.0,5,43,0.0
A,Random-K,1,0,2.0,5,44,0.003878
A,RILP,1,0,3.0,5,42,0.019876
A,RILP,1,0,3.0,5,43,0.021238
A,RILP,1,0,3.0,5,44,0.013718
A,RILP-Greedy,1,0,3.0,5,42,0.019384
A,RILP-Greedy,1,0,3.0,5,43,0.020746
A,RILP-Greedy,1,0,3.0,5,44,0.013226
A,Nam2023b,1,0,3.0,5,42,0.018235
A,Nam2023b,1,0,3.0,5,43,0.019597
A,Nam2023b,1,0,3.0,5,44,0.012077
A,Nam2025,1,0,3.0,5,42,0.017907
A,Nam2025,1,0,3.0,5,43,0.019269
A,Nam2025,1,0,3.0,5,44,0.011749
A,Youn2026,1,0,3.0,5,42,0.018563
A,Youn2026,1,0,3.0,5,43,0.019926
A,Youn2026,1,0,3.0,5,44,0.012405
A,V2I-Base,1,0,3.0,5,42,0.014989
A,V2I-Base,1,0,3.0,5,43,0.019483
A,V2I-Base,1,0,3.0,5,44,0.017292
A,V2V-Base,1,0,3.0,5,42,0.016594
A,V2V-Base,1,0,3.0,5,43,0.017957
A,V2V-Base,1,0,3.0,5,44,0.010436
A,Random-K,1,0,3.0,5,42,0.00254
A,Random-K,1,0,3.0,5,43,0.0
A,Random-K,1,0,3.0,5,44,0.003878
A,RILP,1,10,0.0,5,42,0.019426
A,RILP,1,10,0.0,5,43,0.020788
A,RILP,1,10,0.0,5,44,0.013268
A,RILP-Greedy,1,10,0.0,5,42,0.018889
A,RILP-Greedy,1,10,0.0,5,43,0.020251
A,RILP-Greedy,1,10,0.0,5,44,0.012731
A,Nam2023b,1,10,0.0,5,42,0.017875
A,Nam2023b,1,10,0.0,5,43,0.019237
A,Nam2023b,1,10,0.0,5,44,0.011717
A,Nam2025,1,10,0.0,5,42,0.017457
A,Nam2025,1,10,0.0,5,43,0.018819
A,Nam2025,1,10,0.0,5,44,0.011299
A,Youn2026,1,10,0.0,5,42,0.018158
A,Youn2026,1,10,0.0,5,43,0.019521
A,Youn2026,1,10,0.0,5,44,0.012
A,V2I-Base,1,10,0.0,5,42,0.014809
A,V2I-Base,1,10,0.0,5,43,0.019303
A,V2I-Base,1,10,0.0,5,44,0.017112
A,V2V-Base,1,10,0.0,5,42,0.016324
A,V2V-Base,1,10,0.0,5,43,0.017687
A,V2V-Base,1,10,0.0,5,44,0.010166
A,Random-K,1,10,0.0,5,42,0.00254
A,Random-K,1,10,0.0,5,43,0.0
A,Random-K,1,10,0.0,5,44,0.003878
A,RILP,1,10,1.0,5,42,0.019426
A,RILP,1,10,1.0,5,43,0.020788
A,RILP,1,10,1.0,5,44,0.013268
A,RILP-Greedy,1,10,1.0,5,42,0.018889
A,RILP-Greedy,1,10,1.0,5,43,0.020251
A,RILP-Greedy,1,10,1.0,5,44,0.012731
A,Nam2023b,1,10,1.0,5,42,0.017875
A,Nam2023b,1,10,1.0,5,43,0.019237
A,Nam2023b,1,10,1.0,5,44,0.011717
A,Nam2025,1,10,1.0,5,42,0.017457
A,Nam2025,1,10,1.0,5,43,0.018819
A,Nam2025,1,10,1.0,5,44,0.011299
A,Youn2026,1,10,1.0,5,42,0.018158
A,Youn2026,1,10,1.0,5,43,0.019521
A,Youn2026,1,10,1.0,5,44,0.012
A,V2I-Base,1,10,1.0,5,42,0.014809
A,V2I-Base,1,10,1.0,5,43,0.019303
A,V2I-Base,1,10,1.0,5,44,0.017112
A,V2V-Base,1,10,1.0,5,42,0.016324
A,V2V-Base,1,10,1.0,5,43,0.017687
A,V2V-Base,1,10,1.0,5,44,0.010166
A,Random-K,1,10,1.0,5,42,0.00254
A,Random-K,1,10,1.0,5,43,0.0
A,Random-K,1,10,1.0,5,44,0.003878
A,RILP,1,10,2.0,5,42,0.019426
A,RILP,1,10,2.0,5,43,0.020788
A,RILP,1,10,2.0,5,44,0.013268
A,RILP-Greedy,1,10,2.0,5,42,0.018889
A,RILP-Greedy,1,10,2.0,5,43,0.020251
A,RILP-Greedy,1,10,2.0,5,44,0.012731
A,Nam2023b,1,10,2.0,5,42,0.017875
A,Nam2023b,1,10,2.0,5,43,0.019237
A,Nam2023b,1,10,2.0,5,44,0.011717
A,Nam2025,1,10,2.0,5,42,0.017457
A,Nam2025,1,10,2.0,5,43,0.018819
A,Nam2025,1,10,2.0,5,44,0.011299
A,Youn2026,1,10,2.0,5,42,0.018158
A,Youn2026,1,10,2.0,5,43,0.019521
A,Youn2026,1,10,2.0,5,44,0.012
A,V2I-Base,1,10,2.0,5,42,0.014809
A,V2I-Base,1,10,2.0,5,43,0.019303
A,V2I-Base,1,10,2.0,5,44,0.017112
A,V2V-Base,1,10,2.0,5,42,0.016324
A,V2V-Base,1,10,2.0,5,43,0.017687
A,V2V-Base,1,10,2.0,5,44,0.010166
A,Random-K,1,10,2.0,5,42,0.00254
A,Random-K,1,10,2.0,5,43,0.0
A,Random-K,1,10,2.0,5,44,0.003878
A,RILP,1,10,3.0,5,42,0.019426
A,RILP,1,10,3.0,5,43,0.020788
A,RILP,1,10,3.0,5,44,0.013268
A,RILP-Greedy,1,10,3.0,5,42,0.018889
A,RILP-Greedy,1,10,3.0,5,43,0.020251
A,RILP-Greedy,1,10,3.0,5,44,0.012731
A,Nam2023b,1,10,3.0,5,42,0.017875
A,Nam2023b,1,10,3.0,5,43,0.019237
A,Nam2023b,1,10,3.0,5,44,0.011717
A,Nam2025,1,10,3.0,5,42,0.017457
A,Nam2025,1,10,3.0,5,43,0.018819
A,Nam2025,1,10,3.0,5,44,0.011299
A,Youn2026,1,10,3.0,5,42,0.018158
A,Youn2026,1,10,3.0,5,43,0.019521
A,Youn2026,1,10,3.0,5,44,0.012
A,V2I-Base,1,10,3.0,5,42,0.014809
A,V2I-Base,1,10,3.0,5,43,0.019303
A,V2I-Base,1,10,3.0,5,44,0.017112
A,V2V-Base,1,10,3.0,5,42,0.016324
A,V2V-Base,1,10,3.0,5,43,0.017687
A,V2V-Base,1,10,3.0,5,44,0.010166
A,Random-K,1,10,3.0,5,42,0.00254
A,Random-K,1,10,3.0,5,43,0.0
A,Random-K,1,10,3.0,5,44,0.003878
A,RILP,1,20,0.0,5,42,0.018976
A,RILP,1,20,0.0,5,43,0.020338
A,RILP,1,20,0.0,5,44,0.012818
A,RILP-Greedy,1,20,0.0,5,42,0.018394
A,RILP-Greedy,1,20,0.0,5,43,0.019756
A,RILP-Greedy,1,20,0.0,5,44,0.012236
A,Nam2023b,1,20,0.0,5,42,0.017515
A,Nam2023b,1,20,0.0,5,43,0.018877
A,Nam2023b,1,20,0.0,5,44,0.011357
A,Nam2025,1,20,0.0,5,42,0.017007
A,Nam2025,1,20,0.0,5,43,0.018369
A,Nam2025,1,20,0.0,5,44,0.010849
A,Youn2026,1,20,0.0,5,42,0.017753
A,Youn2026,1,20,0.0,5,43,0.019116
A,Youn2026,1,20,0.0,5,44,0.011595
A,V2I-Base,1,20,0.0,5,42,0.014629
A,V2I-Base,1,20,0.0,5,43,0.019123
A,V2I-Base,1,20,0.0,5,44,0.016932
A,V2V-Base,1,20,0.0,5,42,0.016054
A,V2V-Base,1,20,0.0,5,43,0.017417
A,V2V-Base,1,20,0.0,5,44,0.009896
A,Random-K,1,20,0.0,5,42,0.00254
A,Random-K,1,20,0.0,5,43,0.0
A,Random-K,1,20,0.0,5,44,0.003878
A,RILP,1,20,1.0,5,42,0.018976
A,RILP,1,20,1.0,5,43,0.020338
A,RILP,1,20,1.0,5,44,0.012818
A,RILP-Greedy,1,20,1.0,5,42,0.018394
A,RILP-Greedy,1,20,1.0,5,43,0.019756
A,RILP-Greedy,1,20,1.0,5,44,0.012236
A,Nam2023b,1,20,1.0,5,42,0.017515
A,Nam2023b,1,20,1.0,5,43,0.018877
A,Nam2023b,1,20,1.0,5,44,0.011357
A,Nam2025,1,20,1.0,5,42,0.017007
A,Nam2025,1,20,1.0,5,43,0.018369
A,Nam2025,1,20,1.0,5,44,0.010849
A,Youn2026,1,20,1.0,5,42,0.017753
A,Youn2026,1,20,1.0,5,43,0.019116
A,Youn2026,1,20,1.0,5,44,0.011595
A,V2I-Base,1,20,1.0,5,42,0.014629
A,V2I-Base,1,20,1.0,5,43,0.019123
A,V2I-Base,1,20,1.0,5,44,0.016932
A,V2V-Base,1,20,1.0,5,42,0.016054
A,V2V-Base,1,20,1.0,5,43,0.017417
A,V2V-Base,1,20,1.0,5,44,0.009896
A,Random-K,1,20,1.0,5,42,0.00254
A,Random-K,1,20,1.0,5,43,0.0
A,Random-K,1,20,1.0,5,44,0.003878
A,RILP,1,20,2.0,5,42,0.018976
A,RILP,1,20,2.0,5,43,0.020338
A,RILP,1,20,2.0,5,44,0.012818
A,RILP-Greedy,1,20,2.0,5,42,0.018394
A,RILP-Greedy,1,20,2.0,5,43,0.019756
A,RILP-Greedy,1,20,2.0,5,44,0.012236
A,Nam2023b,1,20,2.0,5,42,0.017515
A,Nam2023b,1,20,2.0,5,43,0.018877
A,Nam2023b,1,20,2.0,5,44,0.011357
A,Nam2025,1,20,2.0,5,42,0.017007
A,Nam2025,1,20,2.0,5,43,0.018369
A,Nam2025,1,20,2.0,5,44,0.010849
A,Youn2026,1,20,2.0,5,42,0.017753
A,Youn2026,1,20,2.0,5,43,0.019116
A,Youn2026,1,20,2.0,5,44,0.011595
A,V2I-Base,1,20,2.0,5,42,0.014629
A,V2I-Base,1,20,2.0,5,43,0.019123
A,V2I-Base,1,20,2.0,5,44,0.016932
A,V2V-Base,1,20,2.0,5,42,0.016054
A,V2V-Base,1,20,2.0,5,43,0.017417
A,V2V-Base,1,20,2.0,5,44,0.009896
A,Random-K,1,20,2.0,5,42,0.00254
A,Random-K,1,20,2.0,5,43,0.0
A,Random-K,1,20,2.0,5,44,0.003878
A,RILP,1,20,3.0,5,42,0.018976
A,RILP,1,20,3.0,5,43,0.020338
A,RILP,1,20,3.0,5,44,0.012818
A,RILP-Greedy,1,20,3.0,5,42,0.018394
A,RILP-Greedy,1,20,3.0,5,43,0.019756
A,RILP-Greedy,1,20,3.0,5,44,0.012236
A,Nam2023b,1,20,3.0,5,42,0.017515
A,Nam2023b,1,20,3.0,5,43,0.018877
A,Nam2023b,1,20,3.0,5,44,0.011357
A,Nam2025,1,20,3.0,5,42,0.017007
A,Nam2025,1,20,3.0,5,43,0.018369
A,Nam2025,1,20,3.0,5,44,0.010849
A,Youn2026,1,20,3.0,5,42,0.017753
A,Youn2026,1,20,3.0,5,43,0.019116
A,Youn2026,1,20,3.0,5,44,0.011595
A,V2I-Base,1,20,3.0,5,42,0.014629
A,V2I-Base,1,20,3.0,5,43,0.019123
A,V2I-Base,1,20,3.0,5,44,0.016932
A,V2V-Base,1,20,3.0,5,42,0.016054
A,V2V-Base,1,20,3.0,5,43,0.017417
A,V2V-Base,1,20,3.0,5,44,0.009896
A,Random-K,1,20,3.0,5,42,0.00254
A,Random-K,1,20,3.0,5,43,0.0
A,Random-K,1,20,3.0,5,44,0.003878
A,RILP,1,30,0.0,5,42,0.018526
A,RILP,1,30,0.0,5,43,0.019888
A,RILP,1,30,0.0,5,44,0.012368
A,RILP-Greedy,1,30,0.0,5,42,0.017899
A,RILP-Greedy,1,30,0.0,5,43,0.019261
A,RILP-Greedy,1,30,0.0,5,44,0.011741
A,Nam2023b,1,30,0.0,5,42,0.017155
A,Nam2023b,1,30,0.0,5,43,0.018517
A,Nam2023b,1,30,0.0,5,44,0.010997
A,Nam2025,1,30,0.0,5,42,0.016557
A,Nam2025,1,30,0.0,5,43,0.017919
A,Nam2025,1,30,0.0,5,44,0.010399
A,Youn2026,1,30,0.0,5,42,0.017348
A,Youn2026,1,30,0.0,5,43,0.018711
A,Youn2026,1,30,0.0,5,44,0.01119
A,V2I-Base,1,30,0.0,5,42,0.014449
A,V2I-Base,1,30,0.0,5,43,0.018943
A,V2I-Base,1,30,0.0,5,44,0.016752
A,V2V-Base,1,30,0.0,5,42,0.015784
A,V2V-Base,1,30,0.0,5,43,0.017147
A,V2V-Base,1,30,0.0,5,44,0.009626
A,Random-K,1,30,0.0,5,42,0.00254
A,Random-K,1,30,0.0,5,43,0.0
A,Random-K,1,30,0.0,5,44,0.003878
A,RILP,1,30,1.0,5,42,0.018526
A,RILP,1,30,1.0,5,43,0.019888
A,RILP,1,30,1.0,5,44,0.012368
A,RILP-Greedy,1,30,1.0,5,42,0.017899
A,RILP-Greedy,1,30,1.0,5,43,0.019261
A,RILP-Greedy,1,30,1.0,5,44,0.011741
A,Nam2023b,1,30,1.0,5,42,0.017155
A,Nam2023b,1,30,1.0,5,43,0.018517
A,Nam2023b,1,30,1.0,5,44,0.010997
A,Nam2025,1,30,1.0,5,42,0.016557
A,Nam2025,1,30,1.0,5,43,0.017919
A,Nam2025,1,30,1.0,5,44,0.010399
A,Youn2026,1,30,1.0,5,42,0.017348
A,Youn2026,1,30,1.0,5,43,0.018711
A,Youn2026,1,30,1.0,5,44,0.01119
A,V2I-Base,1,30,1.0,5,42,0.014449
A,V2I-Base,1,30,1.0,5,43,0.018943
A,V2I-Base,1,30,1.0,5,44,0.016752
A,V2V-Base,1,30,1.0,5,42,0.015784
A,V2V-Base,1,30,1.0,5,43,0.017147
A,V2V-Base,1,30,1.0,5,44,0.009626
A,Random-K,1,30,1.0,5,42,0.00254
A,Random-K,1,30,1.0,5,43,0.0
A,Random-K,1,30,1.0,5,44,0.003878
A,RILP,1,30,2.0,5,42,0.018526
A,RILP,1,30,2.0,5,43,0.019888
A,RILP,1,30,2.0,5,44,0.012368
A,RILP-Greedy,1,30,2.0,5,42,0.017899
A,RILP-Greedy,1,30,2.0,5,43,0.019261
A,RILP-Greedy,1,30,2.0,5,44,0.011741
A,Nam2023b,1,30,2.0,5,42,0.017155
A,Nam2023b,1,30,2.0,5,43,0.018517
A,Nam2023b,1,30,2.0,5,44,0.010997
A,Nam2025,1,30,2.0,5,42,0.016557
A,Nam2025,1,30,2.0,5,43,0.017919
A,Nam2025,1,30,2.0,5,44,0.010399
A,Youn2026,1,30,2.0,5,42,0.017348
A,Youn2026,1,30,2.0,5,43,0.018711
A,Youn2026,1,30,2.0,5,44,0.01119
A,V2I-Base,1,30,2.0,5,42,0.014449
A,V2I-Base,1,30,2.0,5,43,0.018943
A,V2I-Base,1,30,2.0,5,44,0.016752
A,V2V-Base,1,30,2.0,5,42,0.015784
A,V2V-Base,1,30,2.0,5,43,0.017147
A,V2V-Base,1,30,2.0,5,44,0.009626
A,Random-K,1,30,2.0,5,42,0.00254
A,Random-K,1,30,2.0,5,43,0.0
A,Random-K,1,30,2.0,5,44,0.003878
A,RILP,1,30,3.0,5,42,0.018526
A,RILP,1,30,3.0,5,43,0.019888
A,RILP,1,30,3.0,5,44,0.012368
A,RILP-Greedy,1,30,3.0,5,42,0.017899
A,RILP-Greedy,1,30,3.0,5,43,0.019261
A,RILP-Greedy,1,30,3.0,5,44,0.011741
A,Nam2023b,1,30,3.0,5,42,0.017155
A,Nam2023b,1,30,3.0,5,43,0.018517
A,Nam2023b,1,30,3.0,5,44,0.010997
A,Nam2025,1,30,3.0,5,42,0.016557
A,Nam2025,1,30,3.0,5,43,0.017919
A,Nam2025,1,30,3.0,5,44,0.010399
A,Youn2026,1,30,3.0,5,42,0.017348
A,Youn2026,1,30,3.0,5,43,0.018711
A,Youn2026,1,30,3.0,5,44,0.01119
A,V2I-Base,1,30,3.0,5,42,0.014449
A,V2I-Base,1,30,3.0,5,43,0.018943
A,V2I-Base,1,30,3.0,5,44,0.016752
A,V2V-Base,1,30,3.0,5,42,0.015784
A,V2V-Base,1,30,3.0,5,43,0.017147
A,V2V-Base,1,30,3.0,5,44,0.009626
A,Random-K,1,30,3.0,5,42,0.00254
A,Random-K,1,30,3.0,5,43,0.0
A,Random-K,1,30,3.0,5,44,0.003878
A,RILP,2,0,0.0,5,42,0.037376
A,RILP,2,0,0.0,5,43,0.039266
A,RILP,2,0,0.0,5,44,0.030928
A,RILP-Greedy,2,0,0.0,5,42,0.036358
A,RILP-Greedy,2,0,0.0,5,43,0.038247
A,RILP-Greedy,2,0,0.0,5,44,0.029909
A,Nam2023b,2,0,0.0,5,42,0.033981
A,Nam2023b,2,0,0.0,5,43,0.03587
A,Nam2023b,2,0,0.0,5,44,0.027533
A,Nam2025,2,0,0.0,5,42,0.033302
A,Nam2025,2,0,0.0,5,43,0.035191
A,Nam2025,2,0,0.0,5,44,0.026853
A,Youn2026,2,0,0.0,5,42,0.03466
A,Youn2026,2,0,0.0,5,43,0.036549
A,Youn2026,2,0,0.0,5,44,0.028212
A,V2I-Base,2,0,0.0,5,42,0.031612
A,V2I-Base,2,0,0.0,5,43,0.036633
A,V2I-Base,2,0,0.0,5,44,0.033625
A,V2V-Base,2,0,0.0,5,42,0.030585
A,V2V-Base,2,0,0.0,5,43,0.032475
A,V2V-Base,2,0,0.0,5,44,0.024137
A,Random-K,2,0,0.0,5,42,0.005939
A,Random-K,2,0,0.0,5,43,0.003057
A,Random-K,2,0,0.0,5,44,0.007823
A,RILP,2,0,1.0,5,42,0.037376
A,RILP,2,0,1.0,5,43,0.039266
A,RILP,2,0,1.0,5,44,0.030928
A,RILP-Greedy,2,0,1.0,5,42,0.036358
A,RILP-Greedy,2,0,1.0,5,43,0.038247
A,RILP-Greedy,2,0,1.0,5,44,0.029909
A,Nam2023b,2,0,1.0,5,42,0.033981
A,Nam2023b,2,0,1.0,5,43,0.03587
A,Nam2023b,2,0,1.0,5,44,0.027533
A,Nam2025,2,0,1.0,5,42,0.033302
A,Nam2025,2,0,1.0,5,43,0.035191
A,Nam2025,2,0,1.0,5,44,0.026853
A,Youn2026,2,0,1.0,5,42,0.03466
A,Youn2026,2,0,1.0,5,43,0.036549
A,Youn2026,2,0,1.0,5,44,0.028212
A,V2I-Base,2,0,1.0,5,42,0.031612
A,V2I-Base,2,0,1.0,5,43,0.036633
A,V2I-Base,2,0,1.0,5,44,0.033625
A,V2V-Base,2,0,1.0,5,42,0.030585
A,V2V-Base,2,0,1.0,5,43,0.032475
A,V2V-Base,2,0,1.0,5,44,0.024137
A,Random-K,2,0,1.0,5,42,0.005939
A,Random-K,2,0,1.0,5,43,0.003057
A,Random-K,2,0,1.0,5,44,0.007823
A,RILP,2,0,2.0,5,42,0.037376
A,RILP,2,0,2.0,5,43,0.039266
A,RILP,2,0,2.0,5,44,0.030928
A,RILP-Greedy,2,0,2.0,5,42,0.036358
A,RILP-Greedy,2,0,2.0,5,43,0.038247
A,RILP-Greedy,2,0,2.0,5,44,0.029909
A,Nam2023b,2,0,2.0,5,42,0.033981
A,Nam2023b,2,0,2.0,5,43,0.03587
A,Nam2023b,2,0,2.0,5,44,0.027533
A,Nam2025,2,0,2.0,5,42,0.033302
A,Nam2025,2,0,2.0,5,43,0.035191
A,Nam2025,2,0,2.0,5,44,0.026853
A,Youn2026,2,0,2.0,5,42,0.03466
A,Youn2026,2,0,2.0,5,43,0.036549
A,Youn2026,2,0,2.0,5,44,0.028212
A,V2I-Base,2,0,2.0,5,42,0.031612
A,V2I-Base,2,0,2.0,5,43,0.036633
A,V2I-Base,2,0,2.0,5,44,0.033625
A,V2V-Base,2,0,2.0,5,42,0.030585
A,V2V-Base,2,0,2.0,5,43,0.032475
A,V2V-Base,2,0,2.0,5,44,0.024137
A,Random-K,2,0,2.0,5,42,0.005939
A,Random-K,2,0,2.0,5,43,0.003057
A,Random-K,2,0,2.0,5,44,0.007823
A,RILP,2,0,3.0,5,42,0.037376
A,RILP,2,0,3.0,5,43,0.039266
A,RILP,2,0,3.0,5,44,0.030928
A,RILP-Greedy,2,0,3.0,5,42,0.036358
A,RILP-Greedy,2,0,3.0,5,43,0.038247
A,RILP-Greedy,2,0,3.0,5,44,0.029909
A,Nam2023b,2,0,3.0,5,42,0.033981
A,Nam2023b,2,0,3.0,5,43,0.03587
A,Nam2023b,2,0,3.0,5,44,0.027533
A,Nam2025,2,0,3.0,5,42,0.033302
A,Nam2025,2,0,3.0,5,43,0.035191
A,Nam2025,2,0,3.0,5,44,0.026853
A,Youn2026,2,0,3.0,5,42,0.03466
A,Youn2026,2,0,3.0,5,43,0.036549
A,Youn2026,2,0,3.0,5,44,0.028212
A,V2I-Base,2,0,3.0,5,42,0.031612
A,V2I-Base,2,0,3.0,5,43,0.036633
A,V2I-Base,2,0,3.0,5,44,0.033625
A,V2V-Base,2,0,3.0,5,42,0.030585
A,V2V-Base,2,0,3.0,5,43,0.032475
A,V2V-Base,2,0,3.0,5,44,0.024137
A,Random-K,2,0,3.0,5,42,0.005939
A,Random-K,2,0,3.0,5,43,0.003057
A,Random-K,2,0,3.0,5,44,0.007823
A,RILP,2,10,0.0,5,42,0.036445
A,RILP,2,10,0.0,5,43,0.038335
A,RILP,2,10,0.0,5,44,0.029997
A,RILP-Greedy,2,10,0.0,5,42,0.035333
A,RILP-Greedy,2,10,0.0,5,43,0.037223
A,RILP-Greedy,2,10,0.0,5,44,0.028885
A,Nam2023b,2,10,0.0,5,42,0.033236
A,Nam2023b,2,10,0.0,5,43,0.035125
A,Nam2023b,2,10,0.0,5,44,0.026788
A,Nam2025,2,10,0.0,5,42,0.03237
A,Nam2025,2,10,0.0,5,43,0.03426
A,Nam2025,2,10,0.0,5,44,0.025922
A,Youn2026,2,10,0.0,5,42,0.033822
A,Youn2026,2,10,0.0,5,43,0.035711
A,Youn2026,2,10,0.0,5,44,0.027374
A,V2I-Base,2,10,0.0,5,42,0.03124
A,V2I-Base,2,10,0.0,5,43,0.03626
A,V2I-Base,2,10,0.0,5,44,0.033252
A,V2V-Base,2,10,0.0,5,42,0.030026
A,V2V-Base,2,10,0.0,5,43,0.031916
A,V2V-Base,2,10,0.0,5,44,0.023578
A,Random-K,2,10,0.0,5,42,0.005939
A,Random-K,2,10,0.0,5,43,0.003057
A,Random-K,2,10,0.0,5,44,0.007823
A,RILP,2,10,1.0,5,42,0.036445
A,RILP,2,10,1.0,5,43,0.038335
A,RILP,2,10,1.0,5,44,0.029997
A,RILP-Greedy,2,10,1.0,5,42,0.035333
A,RILP-Greedy,2,10,1.0,5,43,0.037223
A,RILP-Greedy,2,10,1.0,5,44,0.028885
A,Nam2023b,2,10,1.0,5,42,0.033236
A,Nam2023b,2,10,1.0,5,43,0.035125
A,Nam2023b,2,10,1.0,5,44,0.026788
A,Nam2025,2,10,1.0,5,42,0.03237
A,Nam2025,2,10,1.0,5,43,0.03426
A,Nam2025,2,10,1.0,5,44,0.025922
A,Youn2026,2,10,1.0,5,42,0.033822
A,Youn2026,2,10,1.0,5,43,0.035711
A,Youn2026,2,10,1.0,5,44,0.027374
A,V2I-Base,2,10,1.0,5,42,0.03124
A,V2I-Base,2,10,1.0,5,43,0.03626
A,V2I-Base,2,10,1.0,5,44,0.033252
A,V2V-Base,2,10,1.0,5,42,0.030026
A,V2V-Base,2,10,1.0,5,43,0.031916
A,V2V-Base,2,10,1.0,5,44,0.023578
A,Random-K,2,10,1.0,5,42,0.005939
A,Random-K,2,10,1.0,5,43,0.003057
A,Random-K,2,10,1.0,5,44,0.007823
A,RILP,2,10,2.0,5,42,0.036445
A,RILP,2,10,2.0,5,43,0.038335
A,RILP,2,10,2.0,5,44,0.029997
A,RILP-Greedy,2,10,2.0,5,42,0.035333
A,RILP-Greedy,2,10,2.0,5,43,0.037223
A,RILP-Greedy,2,10,2.0,5,44,0.028885
A,Nam2023b,2,10,2.0,5,42,0.033236
A,Nam2023b,2,10,2.0,5,43,0.035125
A,Nam2023b,2,10,2.0,5,44,0.026788
A,Nam2025,2,10,2.0,5,42,0.03237
A,Nam2025,2,10,2.0,5,43,0.03426
A,Nam2025,2,10,2.0,5,44,0.025922
A,Youn2026,2,10,2.0,5,42,0.033822
A,Youn2026,2,10,2.0,5,43,0.035711
A,Youn2026,2,10,2.0,5,44,0.027374
A,V2I-Base,2,10,2.0,5,42,0.03124
A,V2I-Base,2,10,2.0,5,43,0.03626
A,V2I-Base,2,10,2.0,5,44,0.033252
A,V2V-Base,2,10,2.0,5,42,0.030026
A,V2V-Base,2,10,2.0,5,43,0.031916
A,V2V-Base,2,10,2.0,5,44,0.023578
A,Random-K,2,10,2.0,5,42,0.005939
A,Random-K,2,10,2.0,5,43,0.003057
A,Random-K,2,10,2.0,5,44,0.007823
A,RILP,2,10,3.0,5,42,0.036445
A,RILP,2,10,3.0,5,43,0.038335
A,RILP,2,10,3.0,5,44,0.029997
A,RILP-Greedy,2,10,3.0,5,42,0.035333
A,RILP-Greedy,2,10,3.0,5,43,0.037223
A,RILP-Greedy,2,10,3.0,5,44,0.028885
A,Nam2023b,2,10,3.0,5,42,0.033236
A,Nam2023b,2,10,3.0,5,43,0.035125
A,Nam2023b,2,10,3.0,5,44,0.026788
A,Nam2025,2,10,3.0,5,42,0.03237
A,Nam2025,2,10,3.0,5,43,0.03426
A,Nam2025,2,10,3.0,5,44,0.025922
A,Youn2026,2,10,3.0,5,42,0.033822
A,Youn2026,2,10,3.0,5,43,0.035711
A,Youn2026,2,10,3.0,5,44,0.027374
A,V2I-Base,2,10,3.0,5,42,0.03124
A,V2I-Base,2,10,3.0,5,43,0.03626
A,V2I-Base,2,10,3.0,5,44,0.033252
A,V2V-Base,2,10,3.0,5,42,0.030026
A,V2V-Base,2,10,3.0,5,43,0.031916
A,V2V-Base,2,10,3.0,5,44,0.023578
A,Random-K,2,10,3.0,5,42,0.005939
A,Random-K,2,10,3.0,5,43,0.003057
A,Random-K,2,10,3.0,5,44,0.007823
A,RILP,2,20,0.0,5,42,0.035514
A,RILP,2,20,0.0,5,43,0.037403
A,RILP,2,20,0.0,5,44,0.029066
A,RILP-Greedy,2,20,0.0,5,42,0.034309
A,RILP-Greedy,2,20,0.0,5,43,0.036198
A,RILP-Greedy,2,20,0.0,5,44,0.027861
A,Nam2023b,2,20,0.0,5,42,0.032491
A,Nam2023b,2,20,0.0,5,43,0.03438
A,Nam2023b,2,20,0.0,5,44,0.026043
A,Nam2025,2,20,0.0,5,42,0.031439
A,Nam2025,2,20,0.0,5,43,0.033329
A,Nam2025,2,20,0.0,5,44,0.024991
A,Youn2026,2,20,0.0,5,42,0.032984
A,Youn2026,2,20,0.0,5,43,0.034873
A,Youn2026,2,20,0.0,5,44,0.026536
A,V2I-Base,2,20,0.0,5,42,0.030867
A,V2I-Base,2,20,0.0,5,43,0.035888
A,V2I-Base,2,20,0.0,5,44,0.03288
A,V2V-Base,2,20,0.0,5,42,0.029468
A,V2V-Base,2,20,0.0,5,43,0.031357
A,V2V-Base,2,20,0.0,5,44,0.02302
A,Random-K,2,20,0.0,5,42,0.005939
A,Random-K,2,20,0.0,5,43,0.003057
A,Random-K,2,20,0.0,5,44,0.007823
A,RILP,2,20,1.0,5,42,0.035514
A,RILP,2,20,1.0,5,43,0.037403
A,RILP,2,20,1.0,5,44,0.029066
A,RILP-Greedy,2,20,1.0,5,42,0.034309
A,RILP-Greedy,2,20,1.0,5,43,0.036198
A,RILP-Greedy,2,20,1.0,5,44,0.027861
A,Nam2023b,2,20,1.0,5,42,0.032491
A,Nam2023b,2,20,1.0,5,43,0.03438
A,Nam2023b,2,20,1.0,5,44,0.026043
A,Nam2025,2,20,1.0,5,42,0.031439
A,Nam2025,2,20,1.0,5,43,0.033329
A,Nam2025,2,20,1.0,5,44,0.024991
A,Youn2026,2,20,1.0,5,42,0.032984
A,Youn2026,2,20,1.0,5,43,0.034873
A,Youn2026,2,20,1.0,5,44,0.026536
A,V2I-Base,2,20,1.0,5,42,0.030867
A,V2I-Base,2,20,1.0,5,43,0.035888
A,V2I-Base,2,20,1.0,5,44,0.03288
A,V2V-Base,2,20,1.0,5,42,0.029468
A,V2V-Base,2,20,1.0,5,43,0.031357
A,V2V-Base,2,20,1.0,5,44,0.02302
A,Random-K,2,20,1.0,5,42,0.005939
A,Random-K,2,20,1.0,5,43,0.003057
A,Random-K,2,20,1.0,5,44,0.007823
A,RILP,2,20,2.0,5,42,0.035514
A,RILP,2,20,2.0,5,43,0.037403
A,RILP,2,20,2.0,5,44,0.029066
A,RILP-Greedy,2,20,2.0,5,42,0.034309
A,RILP-Greedy,2,20,2.0,5,43,0.036198
A,RILP-Greedy,2,20,2.0,5,44,0.027861
A,Nam2023b,2,20,2.0,5,42,0.032491
A,Nam2023b,2,20,2.0,5,43,0.03438
A,Nam2023b,2,20,2.0,5,44,0.026043
A,Nam2025,2,20,2.0,5,42,0.031439
A,Nam2025,2,20,2.0,5,43,0.033329
A,Nam2025,2,20,2.0,5,44,0.024991
A,Youn2026,2,20,2.0,5,42,0.032984
A,Youn2026,2,20,2.0,5,43,0.034873
A,Youn2026,2,20,2.0,5,44,0.026536
A,V2I-Base,2,20,2.0,5,42,0.030867
A,V2I-Base,2,20,2.0,5,43,0.035888
A,V2I-Base,2,20,2.0,5,44,0.03288
A,V2V-Base,2,20,2.0,5,42,0.029468
A,V2V-Base,2,20,2.0,5,43,0.031357
A,V2V-Base,2,20,2.0,5,44,0.02302
A,Random-K,2,20,2.0,5,42,0.005939
A,Random-K,2,20,2.0,5,43,0.003057
A,Random-K,2,20,2.0,5,44,0.007823
A,RILP,2,20,3.0,5,42,0.035514
A,RILP,2,20,3.0,5,43,0.037403
A,RILP,2,20,3.0,5,44,0.029066
A,RILP-Greedy,2,20,3.0,5,42,0.034309
A,RILP-Greedy,2,20,3.0,5,43,0.036198
A,RILP-Greedy,2,20,3.0,5,44,0.027861
A,Nam2023b,2,20,3.0,5,42,0.032491
A,Nam2023b,2,20,3.0,5,43,0.03438
A,Nam2023b,2,20,3.0,5,44,0.026043
A,Nam2025,2,20,3.0,5,42,0.031439
A,Nam2025,2,20,3.0,5,43,0.033329
A,Nam2025,2,20,3.0,5,44,0.024991
A,Youn2026,2,20,3.0,5,42,0.032984
A,Youn2026,2,20,3.0,5,43,0.034873
A,Youn2026,2,20,3.0,5,44,0.026536
A,V2I-Base,2,20,3.0,5,42,0.030867
A,V2I-Base,2,20,3.0,5,43,0.035888
A,V2I-Base,2,20,3.0,5,44,0.03288
A,V2V-Base,2,20,3.0,5,42,0.029468
A,V2V-Base,2,20,3.0,5,43,0.031357
A,V2V-Base,2,20,3.0,5,44,0.02302
A,Random-K,2,20,3.0,5,42,0.005939
A,Random-K,2,20,3.0,5,43,0.003057
A,Random-K,2,20,3.0,5,44,0.007823
A,RILP,2,30,0.0,5,42,0.034583
A,RILP,2,30,0.0,5,43,0.036472
A,RILP,2,30,0.0,5,44,0.028135
A,RILP-Greedy,2,30,0.0,5,42,0.033285
A,RILP-Greedy,2,30,0.0,5,43,0.035174
A,RILP-Greedy,2,30,0.0,5,44,0.026837
A,Nam2023b,2,30,0.0,5,42,0.031746
A,Nam2023b,2,30,0.0,5,43,0.033635
A,Nam2023b,2,30,0.0,5,44,0.025298
A,Nam2025,2,30,0.0,5,42,0.030508
A,Nam2025,2,30,0.0,5,43,0.032397
A,Nam2025,2,30,0.0,5,44,0.02406
A,Youn2026,2,30,0.0,5,42,0.032146
A,Youn2026,2,30,0.0,5,43,0.034035
A,Youn2026,2,30,0.0,5,44,0.025697
A,V2I-Base,2,30,0.0,5,42,0.030495
A,V2I-Base,2,30,0.0,5,43,0.035515
A,V2I-Base,2,30,0.0,5,44,0.032507
A,V2V-Base,2,30,0.0,5,42,0.028909
A,V2V-Base,2,30,0.0,5,43,0.030798
A,V2V-Base,2,30,0.0,5,44,0.022461
A,Random-K,2,30,0.0,5,42,0.005939
A,Random-K,2,30,0.0,5,43,0.003057
A,Random-K,2,30,0.0,5,44,0.007823
A,RILP,2,30,1.0,5,42,0.034583
A,RILP,2,30,1.0,5,43,0.036472
A,RILP,2,30,1.0,5,44,0.028135
A,RILP-Greedy,2,30,1.0,5,42,0.033285
A,RILP-Greedy,2,30,1.0,5,43,0.035174
A,RILP-Greedy,2,30,1.0,5,44,0.026837
A,Nam2023b,2,30,1.0,5,42,0.031746
A,Nam2023b,2,30,1.0,5,43,0.033635
A,Nam2023b,2,30,1.0,5,44,0.025298
A,Nam2025,2,30,1.0,5,42,0.030508
A,Nam2025,2,30,1.0,5,43,0.032397
A,Nam2025,2,30,1.0,5,44,0.02406
A,Youn2026,2,30,1.0,5,42,0.032146
A,Youn2026,2,30,1.0,5,43,0.034035
A,Youn2026,2,30,1.0,5,44,0.025697
A,V2I-Base,2,30,1.0,5,42,0.030495
A,V2I-Base,2,30,1.0,5,43,0.035515
A,V2I-Base,2,30,1.0,5,44,0.032507
A,V2V-Base,2,30,1.0,5,42,0.028909
A,V2V-Base,2,30,1.0,5,43,0.030798
A,V2V-Base,2,30,1.0,5,44,0.022461
A,Random-K,2,30,1.0,5,42,0.005939
A,Random-K,2,30,1.0,5,43,0.003057
A,Random-K,2,30,1.0,5,44,0.007823
A,RILP,2,30,2.0,5,42,0.034583
A,RILP,2,30,2.0,5,43,0.036472
A,RILP,2,30,2.0,5,44,0.028135
A,RILP-Greedy,2,30,2.0,5,42,0.033285
A,RILP-Greedy,2,30,2.0,5,43,0.035174
A,RILP-Greedy,2,30,2.0,5,44,0.026837
A,Nam2023b,2,30,2.0,5,42,0.031746
A,Nam2023b,2,30,2.0,5,43,0.033635
A,Nam2023b,2,30,2.0,5,44,0.025298
A,Nam2025,2,30,2.0,5,42,0.030508
A,Nam2025,2,30,2.0,5,43,0.032397
A,Nam2025,2,30,2.0,5,44,0.02406
A,Youn2026,2,30,2.0,5,42,0.032146
A,Youn2026,2,30,2.0,5,43,0.034035
A,Youn2026,2,30,2.0,5,44,0.025697
A,V2I-Base,2,30,2.0,5,42,0.030495
A,V2I-Base,2,30,2.0,5,43,0.035515
A,V2I-Base,2,30,2.0,5,44,0.032507
A,V2V-Base,2,30,2.0,5,42,0.028909
A,V2V-Base,2,30,2.0,5,43,0.030798
A,V2V-Base,2,30,2.0,5,44,0.022461
A,Random-K,2,30,2.0,5,42,0.005939
A,Random-K,2,30,2.0,5,43,0.003057
A,Random-K,2,30,2.0,5,44,0.007823
A,RILP,2,30,3.0,5,42,0.034583
A,RILP,2,30,3.0,5,43,0.036472
A,RILP,2,30,3.0,5,44,0.028135
A,RILP-Greedy,2,30,3.0,5,42,0.033285
A,RILP-Greedy,2,30,3.0,5,43,0.035174
A,RILP-Greedy,2,30,3.0,5,44,0.026837
A,Nam2023b,2,30,3.0,5,42,0.031746
A,Nam2023b,2,30,3.0,5,43,0.033635
A,Nam2023b,2,30,3.0,5,44,0.025298
A,Nam2025,2,30,3.0,5,42,0.030508
A,Nam2025,2,30,3.0,5,43,0.032397
A,Nam2025,2,30,3.0,5,44,0.02406
A,Youn2026,2,30,3.0,5,42,0.032146
A,Youn2026,2,30,3.0,5,43,0.034035
A,Youn2026,2,30,3.0,5,44,0.025697
A,V2I-Base,2,30,3.0,5,42,0.030495
A,V2I-Base,2,30,3.0,5,43,0.035515
A,V2I-Base,2,30,3.0,5,44,0.032507
A,V2V-Base,2,30,3.0,5,42,0.028909
A,V2V-Base,2,30,3.0,5,43,0.030798
A,V2V-Base,2,30,3.0,5,44,0.022461
A,Random-K,2,30,3.0,5,42,0.005939
A,Random-K,2,30,3.0,5,43,0.003057
A,Random-K,2,30,3.0,5,44,0.007823
A,RILP,3,0,0.0,5,42,0.055305
A,RILP,3,0,0.0,5,43,0.057734
A,RILP,3,0,0.0,5,44,0.048559
A,RILP-Greedy,3,0,0.0,5,42,0.053747
A,RILP-Greedy,3,0,0.0,5,43,0.056176
A,RILP-Greedy,3,0,0.0,5,44,0.047001
A,Nam2023b,3,0,0.0,5,42,0.050112
A,Nam2023b,3,0,0.0,5,43,0.052541
A,Nam2023b,3,0,0.0,5,44,0.043366
A,Nam2025,3,0,0.0,5,42,0.049073
A,Nam2025,3,0,0.0,5,43,0.051502
A,Nam2025,3,0,0.0,5,44,0.042328
A,Youn2026,3,0,0.0,5,42,0.05115
A,Youn2026,3,0,0.0,5,43,0.05358
A,Youn2026,3,0,0.0,5,44,0.044405
A,V2I-Base,3,0,0.0,5,42,0.048642
A,V2I-Base,3,0,0.0,5,43,0.054202
A,V2I-Base,3,0,0.0,5,44,0.050357
A,V2V-Base,3,0,0.0,5,42,0.044919
A,V2V-Base,3,0,0.0,5,43,0.047348
A,V2V-Base,3,0,0.0,5,44,0.038173
A,Random-K,3,0,0.0,5,42,0.00942
A,Random-K,3,0,0.0,5,43,0.006895
A,Random-K,3,0,0.0,5,44,0.011865
A,RILP,3,0,1.0,5,42,0.055305
A,RILP,3,0,1.0,5,43,0.057734
A,RILP,3,0,1.0,5,44,0.048559
A,RILP-Greedy,3,0,1.0,5,42,0.053747
A,RILP-Greedy,3,0,1.0,5,43,0.056176
A,RILP-Greedy,3,0,1.0,5,44,0.047001
A,Nam2023b,3,0,1.0,5,42,0.050112
A,Nam2023b,3,0,1.0,5,43,0.052541
A,Nam2023b,3,0,1.0,5,44,0.043366
A,Nam2025,3,0,1.0,5,42,0.049073
A,Nam2025,3,0,1.0,5,43,0.051502
A,Nam2025,3,0,1.0,5,44,0.042328
A,Youn2026,3,0,1.0,5,42,0.05115
A,Youn2026,3,0,1.0,5,43,0.05358
A,Youn2026,3,0,1.0,5,44,0.044405
A,V2I-Base,3,0,1.0,5,42,0.048642
A,V2I-Base,3,0,1.0,5,43,0.054202
A,V2I-Base,3,0,1.0,5,44,0.050357
A,V2V-Base,3,0,1.0,5,42,0.044919
A,V2V-Base,3,0,1.0,5,43,0.047348
A,V2V-Base,3,0,1.0,5,44,0.038173
A,Random-K,3,0,1.0,5,42,0.00942
A,Random-K,3,0,1.0,5,43,0.006895
A,Random-K,3,0,1.0,5,44,0.011865
A,RILP,3,0,2.0,5,42,0.055305
A,RILP,3,0,2.0,5,43,0.057734
A,RILP,3,0,2.0,5,44,0.048559
A,RILP-Greedy,3,0,2.0,5,42,0.053747
A,RILP-Greedy,3,0,2.0,5,43,0.056176
A,RILP-Greedy,3,0,2.0,5,44,0.047001
A,Nam2023b,3,0,2.0,5,42,0.050112
A,Nam2023b,3,0,2.0,5,43,0.052541
A,Nam2023b,3,0,2.0,5,44,0.043366
A,Nam2025,3,0,2.0,5,42,0.049073
A,Nam2025,3,0,2.0,5,43,0.051502
A,Nam2025,3,0,2.0,5,44,0.042328
A,Youn2026,3,0,2.0,5,42,0.05115
A,Youn2026,3,0,2.0,5,43,0.05358
A,Youn2026,3,0,2.0,5,44,0.044405
A,V2I-Base,3,0,2.0,5,42,0.048642
A,V2I-Base,3,0,2.0,5,43,0.054202
A,V2I-Base,3,0,2.0,5,44,0.050357
A,V2V-Base,3,0,2.0,5,42,0.044919
A,V2V-Base,3,0,2.0,5,43,0.047348
A,V2V-Base,3,0,2.0,5,44,0.038173
A,Random-K,3,0,2.0,5,42,0.00942
A,Random-K,3,0,2.0,5,43,0.006895
A,Random-K,3,0,2.0,5,44,0.011865
A,RILP,3,0,3.0,5,42,0.055305
A,RILP,3,0,3.0,5,43,0.057734
A,RILP,3,0,3.0,5,44,0.048559
A,RILP-Greedy,3,0,3.0,5,42,0.053747
A,RILP-Greedy,3,0,3.0,5,43,0.056176
A,RILP-Greedy,3,0,3.0,5,44,0.047001
A,Nam2023b,3,0,3.0,5,42,0.050112
A,Nam2023b,3,0,3.0,5,43,0.052541
A,Nam2023b,3,0,3.0,5,44,0.043366
A,Nam2025,3,0,3.0,5,42,0.049073
A,Nam2025,3,0,3.0,5,43,0.051502
A,Nam2025,3,0,3.0,5,44,0.042328
A,Youn2026,3,0,3.0,5,42,0.05115
A,Youn2026,3,0,3.0,5,43,0.05358
A,Youn2026,3,0,3.0,5,44,0.044405
A,V2I-Base,3,0,3.0,5,42,0.048642
A,V2I-Base,3,0,3.0,5,43,0.054202
A,V2I-Base,3,0,3.0,5,44,0.050357
A,V2V-Base,3,0,3.0,5,42,0.044919
A,V2V-Base,3,0,3.0,5,43,0.047348
A,V2V-Base,3,0,3.0,5,44,0.038173
A,Random-K,3,0,3.0,5,42,0.00942
A,Random-K,3,0,3.0,5,43,0.006895
A,Random-K,3,0,3.0,5,44,0.011865
A,RILP,3,10,0.0,5,42,0.053881
A,RILP,3,10,0.0,5,43,0.05631
A,RILP,3,10,0.0,5,44,0.047135
A,RILP-Greedy,3,10,0.0,5,42,0.05218
A,RILP-Greedy,3,10,0.0,5,43,0.05461
A,RILP-Greedy,3,10,0.0,5,44,0.045435
A,Nam2023b,3,10,0.0,5,42,0.048972
A,Nam2023b,3,10,0.0,5,43,0.051402
A,Nam2023b,3,10,0.0,5,44,0.042227
A,Nam2025,3,10,0.0,5,42,0.047649
A,Nam2025,3,10,0.0,5,43,0.050078
A,Nam2025,3,10,0.0,5,44,0.040903
A,Youn2026,3,10,0.0,5,42,0.049869
A,Youn2026,3,10,0.0,5,43,0.052298
A,Youn2026,3,10,0.0,5,44,0.043123
A,V2I-Base,3,10,0.0,5,42,0.048072
A,V2I-Base,3,10,0.0,5,43,0.053633
A,V2I-Base,3,10,0.0,5,44,0.049787
A,V2V-Base,3,10,0.0,5,42,0.044064
A,V2V-Base,3,10,0.0,5,43,0.046493
A,V2V-Base,3,10,0.0,5,44,0.037318
A,Random-K,3,10,0.0,5,42,0.00942
A,Random-K,3,10,0.0,5,43,0.006895
A,Random-K,3,10,0.0,5,44,0.011865
A,RILP,3,10,1.0,5,42,0.053881
A,RILP,3,10,1.0,5,43,0.05631
A,RILP,3,10,1.0,5,44,0.047135
A,RILP-Greedy,3,10,1.0,5,42,0.05218
A,RILP-Greedy,3,10,1.0,5,43,0.05461
A,RILP-Greedy,3,10,1.0,5,44,0.045435
A,Nam2023b,3,10,1.0,5,42,0.048972
A,Nam2023b,3,10,1.0,5,43,0.051402
A,Nam2023b,3,10,1.0,5,44,0.042227
A,Nam2025,3,10,1.0,5,42,0.047649
A,Nam2025,3,10,1.0,5,43,0.050078
A,Nam2025,3,10,1.0,5,44,0.040903
A,Youn2026,3,10,1.0,5,42,0.049869
A,Youn2026,3,10,1.0,5,43,0.052298
A,Youn2026,3,10,1.0,5,44,0.043123
A,V2I-Base,3,10,1.0,5,42,0.048072
A,V2I-Base,3,10,1.0,5,43,0.053633
A,V2I-Base,3,10,1.0,5,44,0.049787
A,V2V-Base,3,10,1.0,5,42,0.044064
A,V2V-Base,3,10,1.0,5,43,0.046493
A,V2V-Base,3,10,1.0,5,44,0.037318
A,Random-K,3,10,1.0,5,42,0.00942
A,Random-K,3,10,1.0,5,43,0.006895
A,Random-K,3,10,1.0,5,44,0.011865
A,RILP,3,10,2.0,5,42,0.053881
A,RILP,3,10,2.0,5,43,0.05631
A,RILP,3,10,2.0,5,44,0.047135
A,RILP-Greedy,3,10,2.0,5,42,0.05218
A,RILP-Greedy,3,10,2.0,5,43,0.05461
A,RILP-Greedy,3,10,2.0,5,44,0.045435
A,Nam2023b,3,10,2.0,5,42,0.048972
A,Nam2023b,3,10,2.0,5,43,0.051402
A,Nam2023b,3,10,2.0,5,44,0.042227
A,Nam2025,3,10,2.0,5,42,0.047649
A,Nam2025,3,10,2.0,5,43,0.050078
A,Nam2025,3,10,2.0,5,44,0.040903
A,Youn2026,3,10,2.0,5,42,0.049869
A,Youn2026,3,10,2.0,5,43,0.052298
A,Youn2026,3,10,2.0,5,44,0.043123
A,V2I-Base,3,10,2.0,5,42,0.048072
A,V2I-Base,3,10,2.0,5,43,0.053633
A,V2I-Base,3,10,2.0,5,44,0.049787
A,V2V-Base,3,10,2.0,5,42,0.044064
A,V2V-Base,3,10,2.0,5,43,0.046493
A,V2V-Base,3,10,2.0,5,44,0.037318
A,Random-K,3,10,2.0,5,42,0.00942
A,Random-K,3,10,2.0,5,43,0.006895
A,Random-K,3,10,2.0,5,44,0.011865
A,RILP,3,10,3.0,5,42,0.053881
A,RILP,3,10,3.0,5,43,0.05631
A,RILP,3,10,3.0,5,44,0.047135
A,RILP-Greedy,3,10,3.0,5,42,0.05218
A,RILP-Greedy,3,10,3.0,5,43,0.05461
A,RILP-Greedy,3,10,3.0,5,44,0.045435
A,Nam2023b,3,10,3.0,5,42,0.048972
A,Nam2023b,3,10,3.0,5,43,0.051402
A,Nam2023b,3,10,3.0,5,44,0.042227
A,Nam2025,3,10,3.0,5,42,0.047649
A,Nam2025,3,10,3.0,5,43,0.050078
A,Nam2025,3,10,3.0,5,44,0.040903
A,Youn2026,3,10,3.0,5,42,0.049869
A,Youn2026,3,10,3.0,5,43,0.052298
A,Youn2026,3,10,3.0,5,44,0.043123
A,V2I-Base,3,10,3.0,5,42,0.048072
A,V2I-Base,3,10,3.0,5,43,0.053633
A,V2I-Base,3,10,3.0,5,44,0.049787
A,V2V-Base,3,10,3.0,5,42,0.044064
A,V2V-Base,3,10,3.0,5,43,0.046493
A,V2V-Base,3,10,3.0,5,44,0.037318
A,Random-K,3,10,3.0,5,42,0.00942
A,Random-K,3,10,3.0,5,43,0.006895
A,Random-K,3,10,3.0,5,44,0.011865
A,RILP,3,20,0.0,5,42,0.052457
A,RILP,3,20,0.0,5,43,0.054886
A,RILP,3,20,0.0,5,44,0.045711
A,RILP-Greedy,3,20,0.0,5,42,0.050614
A,RILP-Greedy,3,20,0.0,5,43,0.053043
A,RILP-Greedy,3,20,0.0,5,44,0.043868
A,Nam2023b,3,20,0.0,5,42,0.047833
A,Nam2023b,3,20,0.0,5,43,0.050262
A,Nam2023b,3,20,0.0,5,44,0.041087
A,Nam2025,3,20,0.0,5,42,0.046225
A,Nam2025,3,20,0.0,5,43,0.048654
A,Nam2025,3,20,0.0,5,44,0.039479
A,Youn2026,3,20,0.0,5,42,0.048587
A,Youn2026,3,20,0.0,5,43,0.051016
A,Youn2026,3,20,0.0,5,44,0.041841
A,V2I-Base,3,20,0.0,5,42,0.047502
A,V2I-Base,3,20,0.0,5,43,0.053063
A,V2I-Base,3,20,0.0,5,44,0.049218
A,V2V-Base,3,20,0.0,5,42,0.04321
A,V2V-Base,3,20,0.0,5,43,0.045639
A,V2V-Base,3,20,0.0,5,44,0.036464
A,Random-K,3,20,0.0,5,42,0.00942
A,Random-K,3,20,0.0,5,43,0.006895
A,Random-K,3,20,0.0,5,44,0.011865
A,RILP,3,20,1.0,5,42,0.052457
A,RILP,3,20,1.0,5,43,0.054886
A,RILP,3,20,1.0,5,44,0.045711
A,RILP-Greedy,3,20,1.0,5,42,0.050614
A,RILP-Greedy,3,20,1.0,5,43,0.053043
A,RILP-Greedy,3,20,1.0,5,44,0.043868
A,Nam2023b,3,20,1.0,5,42,0.047833
A,Nam2023b,3,20,1.0,5,43,0.050262
A,Nam2023b,3,20,1.0,5,44,0.041087
A,Nam2025,3,20,1.0,5,42,0.046225
A,Nam2025,3,20,1.0,5,43,0.048654
A,Nam2025,3,20,1.0,5,44,0.039479
A,Youn2026,3,20,1.0,5,42,0.048587
A,Youn2026,3,20,1.0,5,43,0.051016
A,Youn2026,3,20,1.0,5,44,0.041841
A,V2I-Base,3,20,1.0,5,42,0.047502
A,V2I-Base,3,20,1.0,5,43,0.053063
A,V2I-Base,3,20,1.0,5,44,0.049218
A,V2V-Base,3,20,1.0,5,42,0.04321
A,V2V-Base,3,20,1.0,5,43,0.045639
A,V2V-Base,3,20,1.0,5,44,0.036464
A,Random-K,3,20,1.0,5,42,0.00942
A,Random-K,3,20,1.0,5,43,0.006895
A,Random-K,3,20,1.0,5,44,0.011865
A,RILP,3,20,2.0,5,42,0.052457
A,RILP,3,20,2.0,5,43,0.054886
A,RILP,3,20,2.0,5,44,0.045711
A,RILP-Greedy,3,20,2.0,5,42,0.050614
A,RILP-Greedy,3,20,2.0,5,43,0.053043
A,RILP-Greedy,3,20,2.0,5,44,0.043868
A,Nam2023b,3,20,2.0,5,42,0.047833
A,Nam2023b,3,20,2.0,5,43,0.050262
A,Nam2023b,3,20,2.0,5,44,0.041087
A,Nam2025,3,20,2.0,5,42,0.046225
A,Nam2025,3,20,2.0,5,43,0.048654
A,Nam2025,3,20,2.0,5,44,0.039479
A,Youn2026,3,20,2.0,5,42,0.048587
A,Youn2026,3,20,2.0,5,43,0.051016
A,Youn2026,3,20,2.0,5,44,0.041841
A,V2I-Base,3,20,2.0,5,42,0.047502
A,V2I-Base,3,20,2.0,5,43,0.053063
A,V2I-Base,3,20,2.0,5,44,0.049218
A,V2V-Base,3,20,2.0,5,42,0.04321
A,V2V-Base,3,20,2.0,5,43,0.045639
A,V2V-Base,3,20,2.0,5,44,0.036464
A,Random-K,3,20,2.0,5,42,0.00942
A,Random-K,3,20,2.0,5,43,0.006895
A,Random-K,3,20,2.0,5,44,0.011865
A,RILP,3,20,3.0,5,42,0.052457
A,RILP,3,20,3.0,5,43,0.054886
A,RILP,3,20,3.0,5,44,0.045711
A,RILP-Greedy,3,20,3.0,5,42,0.050614
A,RILP-Greedy,3,20,3.0,5,43,0.053043
A,RILP-Greedy,3,20,3.0,5,44,0.043868
A,Nam2023b,3,20,3.0,5,42,0.047833
A,Nam2023b,3,20,3.0,5,43,0.050262
A,Nam2023b,3,20,3.0,5,44,0.041087
A,Nam2025,3,20,3.0,5,42,0.046225
A,Nam2025,3,20,3.0,5,43,0.048654
A,Nam2025,3,20,3.0,5,44,0.039479
A,Youn2026,3,20,3.0,5,42,0.048587
A,Youn2026,3,20,3.0,5,43,0.051016
A,Youn2026,3,20,3.0,5,44,0.041841
A,V2I-Base,3,20,3.0,5,42,0.047502
A,V2I-Base,3,20,3.0,5,43,0.053063
A,V2I-Base,3,20,3.0,5,44,0.049218
A,V2V-Base,3,20,3.0,5,42,0.04321
A,V2V-Base,3,20,3.0,5,43,0.045639
A,V2V-Base,3,20,3.0,5,44,0.036464
A,Random-K,3,20,3.0,5,42,0.00942
A,Random-K,3,20,3.0,5,43,0.006895
A,Random-K,3,20,3.0,5,44,0.011865
A,RILP,3,30,0.0,5,42,0.051032
A,RILP,3,30,0.0,5,43,0.053462
A,RILP,3,30,0.0,5,44,0.044287
A,RILP-Greedy,3,30,0.0,5,42,0.049047
A,RILP-Greedy,3,30,0.0,5,43,0.051476
A,RILP-Greedy,3,30,0.0,5,44,0.042302
A,Nam2023b,3,30,0.0,5,42,0.046694
A,Nam2023b,3,30,0.0,5,43,0.049123
A,Nam2023b,3,30,0.0,5,44,0.039948
A,Nam2025,3,30,0.0,5,42,0.044801
A,Nam2025,3,30,0.0,5,43,0.04723
A,Nam2025,3,30,0.0,5,44,0.038055
A,Youn2026,3,30,0.0,5,42,0.047305
A,Youn2026,3,30,0.0,5,43,0.049734
A,Youn2026,3,30,0.0,5,44,0.04056
A,V2I-Base,3,30,0.0,5,42,0.046933
A,V2I-Base,3,30,0.0,5,43,0.052493
A,V2I-Base,3,30,0.0,5,44,0.048648
A,V2V-Base,3,30,0.0,5,42,0.042355
A,V2V-Base,3,30,0.0,5,43,0.044784
A,V2V-Base,3,30,0.0,5,44,0.035609
A,Random-K,3,30,0.0,5,42,0.00942
A,Random-K,3,30,0.0,5,43,0.006895
A,Random-K,3,30,0.0,5,44,0.011865
A,RILP,3,30,1.0,5,42,0.051032
A,RILP,3,30,1.0,5,43,0.053462
A,RILP,3,30,1.0,5,44,0.044287
A,RILP-Greedy,3,30,1.0,5,42,0.049047
A,RILP-Greedy,3,30,1.0,5,43,0.051476
A,RILP-Greedy,3,30,1.0,5,44,0.042302
A,Nam2023b,3,30,1.0,5,42,0.046694
A,Nam2023b,3,30,1.0,5,43,0.049123
A,Nam2023b,3,30,1.0,5,44,0.039948
A,Nam2025,3,30,1.0,5,42,0.044801
A,Nam2025,3,30,1.0,5,43,0.04723
A,Nam2025,3,30,1.0,5,44,0.038055
A,Youn2026,3,30,1.0,5,42,0.047305
A,Youn2026,3,30,1.0,5,43,0.049734
A,Youn2026,3,30,1.0,5,44,0.04056
A,V2I-Base,3,30,1.0,5,42,0.046933
A,V2I-Base,3,30,1.0,5,43,0.052493
A,V2I-Base,3,30,1.0,5,44,0.048648
A,V2V-Base,3,30,1.0,5,42,0.042355
A,V2V-Base,3,30,1.0,5,43,0.044784
A,V2V-Base,3,30,1.0,5,44,0.035609
A,Random-K,3,30,1.0,5,42,0.00942
A,Random-K,3,30,1.0,5,43,0.006895
A,Random-K,3,30,1.0,5,44,0.011865
A,RILP,3,30,2.0,5,42,0.051032
A,RILP,3,30,2.0,5,43,0.053462
A,RILP,3,30,2.0,5,44,0.044287
A,RILP-Greedy,3,30,2.0,5,42,0.049047
A,RILP-Greedy,3,30,2.0,5,43,0.051476
A,RILP-Greedy,3,30,2.0,5,44,0.042302
A,Nam2023b,3,30,2.0,5,42,0.046694
A,Nam2023b,3,30,2.0,5,43,0.049123
A,Nam2023b,3,30,2.0,5,44,0.039948
A,Nam2025,3,30,2.0,5,42,0.044801
A,Nam2025,3,30,2.0,5,43,0.04723
A,Nam2025,3,30,2.0,5,44,0.038055
A,Youn2026,3,30,2.0,5,42,0.047305
A,Youn2026,3,30,2.0,5,43,0.049734
A,Youn2026,3,30,2.0,5,44,0.04056
A,V2I-Base,3,30,2.0,5,42,0.046933
A,V2I-Base,3,30,2.0,5,43,0.052493
A,V2I-Base,3,30,2.0,5,44,0.048648
A,V2V-Base,3,30,2.0,5,42,0.042355
A,V2V-Base,3,30,2.0,5,43,0.044784
A,V2V-Base,3,30,2.0,5,44,0.035609
A,Random-K,3,30,2.0,5,42,0.00942
A,Random-K,3,30,2.0,5,43,0.006895
A,Random-K,3,30,2.0,5,44,0.011865
A,RILP,3,30,3.0,5,42,0.051032
A,RILP,3,30,3.0,5,43,0.053462
A,RILP,3,30,3.0,5,44,0.044287
A,RILP-Greedy,3,30,3.0,5,42,0.049047
A,RILP-Greedy,3,30,3.0,5,43,0.051476
A,RILP-Greedy,3,30,3.0,5,44,0.042302
A,Nam2023b,3,30,3.0,5,42,0.046694
A,Nam2023b,3,30,3.0,5,43,0.049123
A,Nam2023b,3,30,3.0,5,44,0.039948
A,Nam2025,3,30,3.0,5,42,0.044801
A,Nam2025,3,30,3.0,5,43,0.04723
A,Nam2025,3,30,3.0,5,44,0.038055
A,Youn2026,3,30,3.0,5,42,0.047305
A,Youn2026,3,30,3.0,5,43,0.049734
A,Youn2026,3,30,3.0,5,44,0.04056
A,V2I-Base,3,30,3.0,5,42,0.046933
A,V2I-Base,3,30,3.0,5,43,0.052493
A,V2I-Base,3,30,3.0,5,44,0.048648
A,V2V-Base,3,30,3.0,5,42,0.042355
A,V2V-Base,3,30,3.0,5,43,0.044784
A,V2V-Base,3,30,3.0,5,44,0.035609
A,Random-K,3,30,3.0,5,42,0.00942
A,Random-K,3,30,3.0,5,43,0.006895
A,Random-K,3,30,3.0,5,44,0.011865
A,RILP,4,0,0.0,5,42,0.073511
A,RILP,4,0,0.0,5,43,0.076489
A,RILP,4,0,0.0,5,44,0.066464
A,RILP-Greedy,4,0,0.0,5,42,0.071406
A,RILP-Greedy,4,0,0.0,5,43,0.074383
A,RILP-Greedy,4,0,0.0,5,44,0.064358
A,Nam2023b,4,0,0.0,5,42,0.066493
A,Nam2023b,4,0,0.0,5,43,0.06947
A,Nam2023b,4,0,0.0,5,44,0.059445
A,Nam2025,4,0,0.0,5,42,0.065089
A,Nam2025,4,0,0.0,5,43,0.068067
A,Nam2025,4,0,0.0,5,44,0.058042
A,Youn2026,4,0,0.0,5,42,0.067897
A,Youn2026,4,0,0.0,5,43,0.070874
A,Youn2026,4,0,0.0,5,44,0.060849
A,V2I-Base,4,0,0.0,5,42,0.065936
A,V2I-Base,4,0,0.0,5,43,0.072045
A,V2I-Base,4,0,0.0,5,44,0.067349
A,V2V-Base,4,0,0.0,5,42,0.059474
A,V2V-Base,4,0,0.0,5,43,0.062452
A,V2V-Base,4,0,0.0,5,44,0.052427
A,Random-K,4,0,0.0,5,42,0.012956
A,Random-K,4,0,0.0,5,43,0.010793
A,Random-K,4,0,0.0,5,44,0.015969
A,RILP,4,0,1.0,5,42,0.073511
A,RILP,4,0,1.0,5,43,0.076489
A,RILP,4,0,1.0,5,44,0.066464
A,RILP-Greedy,4,0,1.0,5,42,0.071406
A,RILP-Greedy,4,0,1.0,5,43,0.074383
A,RILP-Greedy,4,0,1.0,5,44,0.064358
A,Nam2023b,4,0,1.0,5,42,0.066493
A,Nam2023b,4,0,1.0,5,43,0.06947
A,Nam2023b,4,0,1.0,5,44,0.059445
A,Nam2025,4,0,1.0,5,42,0.065089
A,Nam2025,4,0,1.0,5,43,0.068067
A,Nam2025,4,0,1.0,5,44,0.058042
A,Youn2026,4,0,1.0,5,42,0.067897
A,Youn2026,4,0,1.0,5,43,0.070874
A,Youn2026,4,0,1.0,5,44,0.060849
A,V2I-Base,4,0,1.0,5,42,0.065936
A,V2I-Base,4,0,1.0,5,43,0.072045
A,V2I-Base,4,0,1.0,5,44,0.067349
A,V2V-Base,4,0,1.0,5,42,0.059474
A,V2V-Base,4,0,1.0,5,43,0.062452
A,V2V-Base,4,0,1.0,5,44,0.052427
A,Random-K,4,0,1.0,5,42,0.012956
A,Random-K,4,0,1.0,5,43,0.010793
A,Random-K,4,0,1.0,5,44,0.015969
A,RILP,4,0,2.0,5,42,0.073511
A,RILP,4,0,2.0,5,43,0.076489
A,RILP,4,0,2.0,5,44,0.066464
A,RILP-Greedy,4,0,2.0,5,42,0.071406
A,RILP-Greedy,4,0,2.0,5,43,0.074383
A,RILP-Greedy,4,0,2.0,5,44,0.064358
A,Nam2023b,4,0,2.0,5,42,0.066493
A,Nam2023b,4,0,2.0,5,43,0.06947
A,Nam2023b,4,0,2.0,5,44,0.059445
A,Nam2025,4,0,2.0,5,42,0.065089
A,Nam2025,4,0,2.0,5,43,0.068067
A,Nam2025,4,0,2.0,5,44,0.058042
A,Youn2026,4,0,2.0,5,42,0.067897
A,Youn2026,4,0,2.0,5,43,0.070874
A,Youn2026,4,0,2.0,5,44,0.060849
A,V2I-Base,4,0,2.0,5,42,0.065936
A,V2I-Base,4,0,2.0,5,43,0.072045
A,V2I-Base,4,0,2.0,5,44,0.067349
A,V2V-Base,4,0,2.0,5,42,0.059474
A,V2V-Base,4,0,2.0,5,43,0.062452
A,V2V-Base,4,0,2.0,5,44,0.052427
A,Random-K,4,0,2.0,5,42,0.012956
A,Random-K,4,0,2.0,5,43,0.010793
A,Random-K,4,0,2.0,5,44,0.015969
A,RILP,4,0,3.0,5,42,0.073511
A,RILP,4,0,3.0,5,43,0.076489
A,RILP,4,0,3.0,5,44,0.066464
A,RILP-Greedy,4,0,3.0,5,42,0.071406
A,RILP-Greedy,4,0,3.0,5,43,0.074383
A,RILP-Greedy,4,0,3.0,5,44,0.064358
A,Nam2023b,4,0,3.0,5,42,0.066493
A,Nam2023b,4,0,3.0,5,43,0.06947
A,Nam2023b,4,0,3.0,5,44,0.059445
A,Nam2025,4,0,3.0,5,42,0.065089
A,Nam2025,4,0,3.0,5,43,0.068067
A,Nam2025,4,0,3.0,5,44,0.058042
A,Youn2026,4,0,3.0,5,42,0.067897
A,Youn2026,4,0,3.0,5,43,0.070874
A,Youn2026,4,0,3.0,5,44,0.060849
A,V2I-Base,4,0,3.0,5,42,0.065936
A,V2I-Base,4,0,3.0,5,43,0.072045
A,V2I-Base,4,0,3.0,5,44,0.067349
A,V2V-Base,4,0,3.0,5,42,0.059474
A,V2V-Base,4,0,3.0,5,43,0.062452
A,V2V-Base,4,0,3.0,5,44,0.052427
A,Random-K,4,0,3.0,5,42,0.012956
A,Random-K,4,0,3.0,5,43,0.010793
A,Random-K,4,0,3.0,5,44,0.015969
A,RILP,4,10,0.0,5,42,0.071587
A,RILP,4,10,0.0,5,43,0.074564
A,RILP,4,10,0.0,5,44,0.064539
A,RILP-Greedy,4,10,0.0,5,42,0.069289
A,RILP-Greedy,4,10,0.0,5,43,0.072266
A,RILP-Greedy,4,10,0.0,5,44,0.062241
A,Nam2023b,4,10,0.0,5,42,0.064953
A,Nam2023b,4,10,0.0,5,43,0.067931
A,Nam2023b,4,10,0.0,5,44,0.057906
A,Nam2025,4,10,0.0,5,42,0.063164
A,Nam2025,4,10,0.0,5,43,0.066142
A,Nam2025,4,10,0.0,5,44,0.056117
A,Youn2026,4,10,0.0,5,42,0.066164
A,Youn2026,4,10,0.0,5,43,0.069142
A,Youn2026,4,10,0.0,5,44,0.059117
A,V2I-Base,4,10,0.0,5,42,0.065166
A,V2I-Base,4,10,0.0,5,43,0.071275
A,V2I-Base,4,10,0.0,5,44,0.066579
A,V2V-Base,4,10,0.0,5,42,0.058319
A,V2V-Base,4,10,0.0,5,43,0.061297
A,V2V-Base,4,10,0.0,5,44,0.051272
A,Random-K,4,10,0.0,5,42,0.012956
A,Random-K,4,10,0.0,5,43,0.010793
A,Random-K,4,10,0.0,5,44,0.015969
A,RILP,4,10,1.0,5,42,0.071587
A,RILP,4,10,1.0,5,43,0.074564
A,RILP,4,10,1.0,5,44,0.064539
A,RILP-Greedy,4,10,1.0,5,42,0.069289
A,RILP-Greedy,4,10,1.0,5,43,0.072266
A,RILP-Greedy,4,10,1.0,5,44,0.062241
A,Nam2023b,4,10,1.0,5,42,0.064953
A,Nam2023b,4,10,1.0,5,43,0.067931
A,Nam2023b,4,10,1.0,5,44,0.057906
A,Nam2025,4,10,1.0,5,42,0.063164
A,Nam2025,4,10,1.0,5,43,0.066142
A,Nam2025,4,10,1.0,5,44,0.056117
A,Youn2026,4,10,1.0,5,42,0.066164
A,Youn2026,4,10,1.0,5,43,0.069142
A,Youn2026,4,10,1.0,5,44,0.059117
A,V2I-Base,4,10,1.0,5,42,0.065166
A,V2I-Base,4,10,1.0,5,43,0.071275
A,V2I-Base,4,10,1.0,5,44,0.066579
A,V2V-Base,4,10,1.0,5,42,0.058319
A,V2V-Base,4,10,1.0,5,43,0.061297
A,V2V-Base,4,10,1.0,5,44,0.051272
A,Random-K,4,10,1.0,5,42,0.012956
A,Random-K,4,10,1.0,5,43,0.010793
A,Random-K,4,10,1.0,5,44,0.015969
A,RILP,4,10,2.0,5,42,0.071587
A,RILP,4,10,2.0,5,43,0.074564
A,RILP,4,10,2.0,5,44,0.064539
A,RILP-Greedy,4,10,2.0,5,42,0.069289
A,RILP-Greedy,4,10,2.0,5,43,0.072266
A,RILP-Greedy,4,10,2.0,5,44,0.062241
A,Nam2023b,4,10,2.0,5,42,0.064953
A,Nam2023b,4,10,2.0,5,43,0.067931
A,Nam2023b,4,10,2.0,5,44,0.057906
A,Nam2025,4,10,2.0,5,42,0.063164
A,Nam2025,4,10,2.0,5,43,0.066142
A,Nam2025,4,10,2.0,5,44,0.056117
A,Youn2026,4,10,2.0,5,42,0.066164
A,Youn2026,4,10,2.0,5,43,0.069142
A,Youn2026,4,10,2.0,5,44,0.059117
A,V2I-Base,4,10,2.0,5,42,0.065166
A,V2I-Base,4,10,2.0,5,43,0.071275
A,V2I-Base,4,10,2.0,5,44,0.066579
A,V2V-Base,4,10,2.0,5,42,0.058319
A,V2V-Base,4,10,2.0,5,43,0.061297
A,V2V-Base,4,10,2.0,5,44,0.051272
A,Random-K,4,10,2.0,5,42,0.012956
A,Random-K,4,10,2.0,5,43,0.010793
A,Random-K,4,10,2.0,5,44,0.015969
A,RILP,4,10,3.0,5,42,0.071587
A,RILP,4,10,3.0,5,43,0.074564
A,RILP,4,10,3.0,5,44,0.064539
A,RILP-Greedy,4,10,3.0,5,42,0.069289
A,RILP-Greedy,4,10,3.0,5,43,0.072266
A,RILP-Greedy,4,10,3.0,5,44,0.062241
A,Nam2023b,4,10,3.0,5,42,0.064953
A,Nam2023b,4,10,3.0,5,43,0.067931
A,Nam2023b,4,10,3.0,5,44,0.057906
A,Nam2025,4,10,3.0,5,42,0.063164
A,Nam2025,4,10,3.0,5,43,0.066142
A,Nam2025,4,10,3.0,5,44,0.056117
A,Youn2026,4,10,3.0,5,42,0.066164
A,Youn2026,4,10,3.0,5,43,0.069142
A,Youn2026,4,10,3.0,5,44,0.059117
A,V2I-Base,4,10,3.0,5,42,0.065166
A,V2I-Base,4,10,3.0,5,43,0.071275
A,V2I-Base,4,10,3.0,5,44,0.066579
A,V2V-Base,4,10,3.0,5,42,0.058319
A,V2V-Base,4,10,3.0,5,43,0.061297
A,V2V-Base,4,10,3.0,5,44,0.051272
A,Random-K,4,10,3.0,5,42,0.012956
A,Random-K,4,10,3.0,5,43,0.010793
A,Random-K,4,10,3.0,5,44,0.015969
A,RILP,4,20,0.0,5,42,0.069662
A,RILP,4,20,0.0,5,43,0.072639
A,RILP,4,20,0.0,5,44,0.062614
A,RILP-Greedy,4,20,0.0,5,42,0.067171
A,RILP-Greedy,4,20,0.0,5,43,0.070149
A,RILP-Greedy,4,20,0.0,5,44,0.060124
A,Nam2023b,4,20,0.0,5,42,0.063413
A,Nam2023b,4,20,0.0,5,43,0.066391
A,Nam2023b,4,20,0.0,5,44,0.056366
A,Nam2025,4,20,0.0,5,42,0.06124
A,Nam2025,4,20,0.0,5,43,0.064217
A,Nam2025,4,20,0.0,5,44,0.054192
A,Youn2026,4,20,0.0,5,42,0.064432
A,Youn2026,4,20,0.0,5,43,0.06741
A,Youn2026,4,20,0.0,5,44,0.057384
A,V2I-Base,4,20,0.0,5,42,0.064396
A,V2I-Base,4,20,0.0,5,43,0.070505
A,V2I-Base,4,20,0.0,5,44,0.065809
A,V2V-Base,4,20,0.0,5,42,0.057164
A,V2V-Base,4,20,0.0,5,43,0.060142
A,V2V-Base,4,20,0.0,5,44,0.050117
A,Random-K,4,20,0.0,5,42,0.012956
A,Random-K,4,20,0.0,5,43,0.010793
A,Random-K,4,20,0.0,5,44,0.015969
A,RILP,4,20,1.0,5,42,0.069662
A,RILP,4,20,1.0,5,43,0.072639
A,RILP,4,20,1.0,5,44,0.062614
A,RILP-Greedy,4,20,1.0,5,42,0.067171
A,RILP-Greedy,4,20,1.0,5,43,0.070149
A,RILP-Greedy,4,20,1.0,5,44,0.060124
A,Nam2023b,4,20,1.0,5,42,0.063413
A,Nam2023b,4,20,1.0,5,43,0.066391
A,Nam2023b,4,20,1.0,5,44,0.056366
A,Nam2025,4,20,1.0,5,42,0.06124
A,Nam2025,4,20,1.0,5,43,0.064217
A,Nam2025,4,20,1.0,5,44,0.054192
A,Youn2026,4,20,1.0,5,42,0.064432
A,Youn2026,4,20,1.0,5,43,0.06741
A,Youn2026,4,20,1.0,5,44,0.057384
A,V2I-Base,4,20,1.0,5,42,0.064396
A,V2I-Base,4,20,1.0,5,43,0.070505
A,V2I-Base,4,20,1.0,5,44,0.065809
A,V2V-Base,4,20,1.0,5,42,0.057164
A,V2V-Base,4,20,1.0,5,43,0.060142
A,V2V-Base,4,20,1.0,5,44,0.050117
A,Random-K,4,20,1.0,5,42,0.012956
A,Random-K,4,20,1.0,5,43,0.010793
A,Random-K,4,20,1.0,5,44,0.015969
A,RILP,4,20,2.0,5,42,0.069662
A,RILP,4,20,2.0,5,43,0.072639
A,RILP,4,20,2.0,5,44,0.062614
A,RILP-Greedy,4,20,2.0,5,42,0.067171
A,RILP-Greedy,4,20,2.0,5,43,0.070149
A,RILP-Greedy,4,20,2.0,5,44,0.060124
A,Nam2023b,4,20,2.0,5,42,0.063413
A,Nam2023b,4,20,2.0,5,43,0.066391
A,Nam2023b,4,20,2.0,5,44,0.056366
A,Nam2025,4,20,2.0,5,42,0.06124
A,Nam2025,4,20,2.0,5,43,0.064217
A,Nam2025,4,20,2.0,5,44,0.054192
A,Youn2026,4,20,2.0,5,42,0.064432
A,Youn2026,4,20,2.0,5,43,0.06741
A,Youn2026,4,20,2.0,5,44,0.057384
A,V2I-Base,4,20,2.0,5,42,0.064396
A,V2I-Base,4,20,2.0,5,43,0.070505
A,V2I-Base,4,20,2.0,5,44,0.065809
A,V2V-Base,4,20,2.0,5,42,0.057164
A,V2V-Base,4,20,2.0,5,43,0.060142
A,V2V-Base,4,20,2.0,5,44,0.050117
A,Random-K,4,20,2.0,5,42,0.012956
A,Random-K,4,20,2.0,5,43,0.010793
A,Random-K,4,20,2.0,5,44,0.015969
A,RILP,4,20,3.0,5,42,0.069662
A,RILP,4,20,3.0,5,43,0.072639
A,RILP,4,20,3.0,5,44,0.062614
A,RILP-Greedy,4,20,3.0,5,42,0.067171
A,RILP-Greedy,4,20,3.0,5,43,0.070149
A,RILP-Greedy,4,20,3.0,5,44,0.060124
A,Nam2023b,4,20,3.0,5,42,0.063413
A,Nam2023b,4,20,3.0,5,43,0.066391
A,Nam2023b,4,20,3.0,5,44,0.056366
A,Nam2025,4,20,3.0,5,42,0.06124
A,Nam2025,4,20,3.0,5,43,0.064217
A,Nam2025,4,20,3.0,5,44,0.054192
A,Youn2026,4,20,3.0,5,42,0.064432
A,Youn2026,4,20,3.0,5,43,0.06741
A,Youn2026,4,20,3.0,5,44,0.057384
A,V2I-Base,4,20,3.0,5,42,0.064396
A,V2I-Base,4,20,3.0,5,43,0.070505
A,V2I-Base,4,20,3.0,5,44,0.065809
A,V2V-Base,4,20,3.0,5,42,0.057164
A,V2V-Base,4,20,3.0,5,43,0.060142
A,V2V-Base,4,20,3.0,5,44,0.050117
A,Random-K,4,20,3.0,5,42,0.012956
A,Random-K,4,20,3.0,5,43,0.010793
A,Random-K,4,20,3.0,5,44,0.015969
A,RILP,4,30,0.0,5,42,0.067737
A,RILP,4,30,0.0,5,43,0.070715
A,RILP,4,30,0.0,5,44,0.06069
A,RILP-Greedy,4,30,0.0,5,42,0.065054
A,RILP-Greedy,4,30,0.0,5,43,0.068032
A,RILP-Greedy,4,30,0.0,5,44,0.058007
A,Nam2023b,4,30,0.0,5,42,0.061873
A,Nam2023b,4,30,0.0,5,43,0.064851
A,Nam2023b,4,30,0.0,5,44,0.054826
A,Nam2025,4,30,0.0,5,42,0.059315
A,Nam2025,4,30,0.0,5,43,0.062292
A,Nam2025,4,30,0.0,5,44,0.052267
A,Youn2026,4,30,0.0,5,42,0.0627
A,Youn2026,4,30,0.0,5,43,0.065677
A,Youn2026,4,30,0.0,5,44,0.055652
A,V2I-Base,4,30,0.0,5,42,0.063626
A,V2I-Base,4,30,0.0,5,43,0.069735
A,V2I-Base,4,30,0.0,5,44,0.065039
A,V2V-Base,4,30,0.0,5,42,0.05601
A,V2V-Base,4,30,0.0,5,43,0.058987
A,V2V-Base,4,30,0.0,5,44,0.048962
A,Random-K,4,30,0.0,5,42,0.012956
A,Random-K,4,30,0.0,5,43,0.010793
A,Random-K,4,30,0.0,5,44,0.015969
A,RILP,4,30,1.0,5,42,0.067737
A,RILP,4,30,1.0,5,43,0.070715
A,RILP,4,30,1.0,5,44,0.06069
A,RILP-Greedy,4,30,1.0,5,42,0.065054
A,RILP-Greedy,4,30,1.0,5,43,0.068032
A,RILP-Greedy,4,30,1.0,5,44,0.058007
A,Nam2023b,4,30,1.0,5,42,0.061873
A,Nam2023b,4,30,1.0,5,43,0.064851
A,Nam2023b,4,30,1.0,5,44,0.054826
A,Nam2025,4,30,1.0,5,42,0.059315
A,Nam2025,4,30,1.0,5,43,0.062292
A,Nam2025,4,30,1.0,5,44,0.052267
A,Youn2026,4,30,1.0,5,42,0.0627
A,Youn2026,4,30,1.0,5,43,0.065677
A,Youn2026,4,30,1.0,5,44,0.055652
A,V2I-Base,4,30,1.0,5,42,0.063626
A,V2I-Base,4,30,1.0,5,43,0.069735
A,V2I-Base,4,30,1.0,5,44,0.065039
A,V2V-Base,4,30,1.0,5,42,0.05601
A,V2V-Base,4,30,1.0,5,43,0.058987
A,V2V-Base,4,30,1.0,5,44,0.048962
A,Random-K,4,30,1.0,5,42,0.012956
A,Random-K,4,30,1.0,5,43,0.010793
A,Random-K,4,30,1.0,5,44,0.015969
A,RILP,4,30,2.0,5,42,0.067737
A,RILP,4,30,2.0,5,43,0.070715
A,RILP,4,30,2.0,5,44,0.06069
A,RILP-Greedy,4,30,2.0,5,42,0.065054
A,RILP-Greedy,4,30,2.0,5,43,0.068032
A,RILP-Greedy,4,30,2.0,5,44,0.058007
A,Nam2023b,4,30,2.0,5,42,0.061873
A,Nam2023b,4,30,2.0,5,43,0.064851
A,Nam2023b,4,30,2.0,5,44,0.054826
A,Nam2025,4,30,2.0,5,42,0.059315
A,Nam2025,4,30,2.0,5,43,0.062292
A,Nam2025,4,30,2.0,5,44,0.052267
A,Youn2026,4,30,2.0,5,42,0.0627
A,Youn2026,4,30,2.0,5,43,0.065677
A,Youn2026,4,30,2.0,5,44,0.055652
A,V2I-Base,4,30,2.0,5,42,0.063626
A,V2I-Base,4,30,2.0,5,43,0.069735
A,V2I-Base,4,30,2.0,5,44,0.065039
A,V2V-Base,4,30,2.0,5,42,0.05601
A,V2V-Base,4,30,2.0,5,43,0.058987
A,V2V-Base,4,30,2.0,5,44,0.048962
A,Random-K,4,30,2.0,5,42,0.012956
A,Random-K,4,30,2.0,5,43,0.010793
A,Random-K,4,30,2.0,5,44,0.015969
A,RILP,4,30,3.0,5,42,0.067737
A,RILP,4,30,3.0,5,43,0.070715
A,RILP,4,30,3.0,5,44,0.06069
A,RILP-Greedy,4,30,3.0,5,42,0.065054
A,RILP-Greedy,4,30,3.0,5,43,0.068032
A,RILP-Greedy,4,30,3.0,5,44,0.058007
A,Nam2023b,4,30,3.0,5,42,0.061873
A,Nam2023b,4,30,3.0,5,43,0.064851
A,Nam2023b,4,30,3.0,5,44,0.054826
A,Nam2025,4,30,3.0,5,42,0.059315
A,Nam2025,4,30,3.0,5,43,0.062292
A,Nam2025,4,30,3.0,5,44,0.052267
A,Youn2026,4,30,3.0,5,42,0.0627
A,Youn2026,4,30,3.0,5,43,0.065677
A,Youn2026,4,30,3.0,5,44,0.055652
A,V2I-Base,4,30,3.0,5,42,0.063626
A,V2I-Base,4,30,3.0,5,43,0.069735
A,V2I-Base,4,30,3.0,5,44,0.065039
A,V2V-Base,4,30,3.0,5,42,0.05601
A,V2V-Base,4,30,3.0,5,43,0.058987
A,V2V-Base,4,30,3.0,5,44,0.048962
A,Random-K,4,30,3.0,5,42,0.012956
A,Random-K,4,30,3.0,5,43,0.010793
A,Random-K,4,30,3.0,5,44,0.015969
A,RILP,5,0,0.0,5,42,0.091925
A,RILP,5,0,0.0,5,43,0.095457
A,RILP,5,0,0.0,5,44,0.084572
A,RILP-Greedy,5,0,0.0,5,42,0.089265
A,RILP-Greedy,5,0,0.0,5,43,0.092797
A,RILP-Greedy,5,0,0.0,5,44,0.081912
A,Nam2023b,5,0,0.0,5,42,0.08306
A,Nam2023b,5,0,0.0,5,43,0.086592
A,Nam2023b,5,0,0.0,5,44,0.075707
A,Nam2025,5,0,0.0,5,42,0.081287
A,Nam2025,5,0,0.0,5,43,0.084819
A,Nam2025,5,0,0.0,5,44,0.073934
A,Youn2026,5,0,0.0,5,42,0.084833
A,Youn2026,5,0,0.0,5,43,0.088365
A,Youn2026,5,0,0.0,5,44,0.07748
A,V2I-Base,5,0,0.0,5,42,0.083426
A,V2I-Base,5,0,0.0,5,43,0.090089
A,V2I-Base,5,0,0.0,5,44,0.084534
A,V2V-Base,5,0,0.0,5,42,0.074195
A,V2V-Base,5,0,0.0,5,43,0.077727
A,V2V-Base,5,0,0.0,5,44,0.066842
A,Random-K,5,0,0.0,5,42,0.016531
A,Random-K,5,0,0.0,5,43,0.014736
A,Random-K,5,0,0.0,5,44,0.02012
A,RILP,5,0,1.0,5,42,0.091925
A,RILP,5,0,1.0,5,43,0.095457
A,RILP,5,0,1.0,5,44,0.084572
A,RILP-Greedy,5,0,1.0,5,42,0.089265
A,RILP-Greedy,5,0,1.0,5,43,0.092797
A,RILP-Greedy,5,0,1.0,5,44,0.081912
A,Nam2023b,5,0,1.0,5,42,0.08306
A,Nam2023b,5,0,1.0,5,43,0.086592
A,Nam2023b,5,0,1.0,5,44,0.075707
A,Nam2025,5,0,1.0,5,42,0.081287
A,Nam2025,5,0,1.0,5,43,0.084819
A,Nam2025,5,0,1.0,5,44,0.073934
A,Youn2026,5,0,1.0,5,42,0.084833
A,Youn2026,5,0,1.0,5,43,0.088365
A,Youn2026,5,0,1.0,5,44,0.07748
A,V2I-Base,5,0,1.0,5,42,0.083426
A,V2I-Base,5,0,1.0,5,43,0.090089
A,V2I-Base,5,0,1.0,5,44,0.084534
A,V2V-Base,5,0,1.0,5,42,0.074195
A,V2V-Base,5,0,1.0,5,43,0.077727
A,V2V-Base,5,0,1.0,5,44,0.066842
A,Random-K,5,0,1.0,5,42,0.016531
A,Random-K,5,0,1.0,5,43,0.014736
A,Random-K,5,0,1.0,5,44,0.02012
A,RILP,5,0,2.0,5,42,0.091925
A,RILP,5,0,2.0,5,43,0.095457
A,RILP,5,0,2.0,5,44,0.084572
A,RILP-Greedy,5,0,2.0,5,42,0.089265
A,RILP-Greedy,5,0,2.0,5,43,0.092797
A,RILP-Greedy,5,0,2.0,5,44,0.081912
A,Nam2023b,5,0,2.0,5,42,0.08306
A,Nam2023b,5,0,2.0,5,43,0.086592
A,Nam2023b,5,0,2.0,5,44,0.075707
A,Nam2025,5,0,2.0,5,42,0.081287
A,Nam2025,5,0,2.0,5,43,0.084819
A,Nam2025,5,0,2.0,5,44,0.073934
A,Youn2026,5,0,2.0,5,42,0.084833
A,Youn2026,5,0,2.0,5,43,0.088365
A,Youn2026,5,0,2.0,5,44,0.07748
A,V2I-Base,5,0,2.0,5,42,0.083426
A,V2I-Base,5,0,2.0,5,43,0.090089
A,V2I-Base,5,0,2.0,5,44,0.084534
A,V2V-Base,5,0,2.0,5,42,0.074195
A,V2V-Base,5,0,2.0,5,43,0.077727
A,V2V-Base,5,0,2.0,5,44,0.066842
A,Random-K,5,0,2.0,5,42,0.016531
A,Random-K,5,0,2.0,5,43,0.014736
A,Random-K,5,0,2.0,5,44,0.02012
A,RILP,5,0,3.0,5,42,0.091925
A,RILP,5,0,3.0,5,43,0.095457
A,RILP,5,0,3.0,5,44,0.084572
A,RILP-Greedy,5,0,3.0,5,42,0.089265
A,RILP-Greedy,5,0,3.0,5,43,0.092797
A,RILP-Greedy,5,0,3.0,5,44,0.081912
A,Nam2023b,5,0,3.0,5,42,0.08306
A,Nam2023b,5,0,3.0,5,43,0.086592
A,Nam2023b,5,0,3.0,5,44,0.075707
A,Nam2025,5,0,3.0,5,42,0.081287
A,Nam2025,5,0,3.0,5,43,0.084819
A,Nam2025,5,0,3.0,5,44,0.073934
A,Youn2026,5,0,3.0,5,42,0.084833
A,Youn2026,5,0,3.0,5,43,0.088365
A,Youn2026,5,0,3.0,5,44,0.07748
A,V2I-Base,5,0,3.0,5,42,0.083426
A,V2I-Base,5,0,3.0,5,43,0.090089
A,V2I-Base,5,0,3.0,5,44,0.084534
A,V2V-Base,5,0,3.0,5,42,0.074195
A,V2V-Base,5,0,3.0,5,43,0.077727
A,V2V-Base,5,0,3.0,5,44,0.066842
A,Random-K,5,0,3.0,5,42,0.016531
A,Random-K,5,0,3.0,5,43,0.014736
A,Random-K,5,0,3.0,5,44,0.02012
A,RILP,5,10,0.0,5,42,0.089494
A,RILP,5,10,0.0,5,43,0.093026
A,RILP,5,10,0.0,5,44,0.082141
A,RILP-Greedy,5,10,0.0,5,42,0.086591
A,RILP-Greedy,5,10,0.0,5,43,0.090123
A,RILP-Greedy,5,10,0.0,5,44,0.079238
A,Nam2023b,5,10,0.0,5,42,0.081115
A,Nam2023b,5,10,0.0,5,43,0.084647
A,Nam2023b,5,10,0.0,5,44,0.073762
A,Nam2025,5,10,0.0,5,42,0.078856
A,Nam2025,5,10,0.0,5,43,0.082388
A,Nam2025,5,10,0.0,5,44,0.071503
A,Youn2026,5,10,0.0,5,42,0.082645
A,Youn2026,5,10,0.0,5,43,0.086177
A,Youn2026,5,10,0.0,5,44,0.075292
A,V2I-Base,5,10,0.0,5,42,0.082454
A,V2I-Base,5,10,0.0,5,43,0.089117
A,V2I-Base,5,10,0.0,5,44,0.083561
A,V2V-Base,5,10,0.0,5,42,0.072737
A,V2V-Base,5,10,0.0,5,43,0.076269
A,V2V-Base,5,10,0.0,5,44,0.065384
A,Random-K,5,10,0.0,5,42,0.016531
A,Random-K,5,10,0.0,5,43,0.014736
A,Random-K,5,10,0.0,5,44,0.02012
A,RILP,5,10,1.0,5,42,0.089494
A,RILP,5,10,1.0,5,43,0.093026
A,RILP,5,10,1.0,5,44,0.082141
A,RILP-Greedy,5,10,1.0,5,42,0.086591
A,RILP-Greedy,5,10,1.0,5,43,0.090123
A,RILP-Greedy,5,10,1.0,5,44,0.079238
A,Nam2023b,5,10,1.0,5,42,0.081115
A,Nam2023b,5,10,1.0,5,43,0.084647
A,Nam2023b,5,10,1.0,5,44,0.073762
A,Nam2025,5,10,1.0,5,42,0.078856
A,Nam2025,5,10,1.0,5,43,0.082388
A,Nam2025,5,10,1.0,5,44,0.071503
A,Youn2026,5,10,1.0,5,42,0.082645
A,Youn2026,5,10,1.0,5,43,0.086177
A,Youn2026,5,10,1.0,5,44,0.075292
A,V2I-Base,5,10,1.0,5,42,0.082454
A,V2I-Base,5,10,1.0,5,43,0.089117
A,V2I-Base,5,10,1.0,5,44,0.083561
A,V2V-Base,5,10,1.0,5,42,0.072737
A,V2V-Base,5,10,1.0,5,43,0.076269
A,V2V-Base,5,10,1.0,5,44,0.065384
A,Random-K,5,10,1.0,5,42,0.016531
A,Random-K,5,10,1.0,5,43,0.014736
A,Random-K,5,10,1.0,5,44,0.02012
A,RILP,5,10,2.0,5,42,0.089494
A,RILP,5,10,2.0,5,43,0.093026
A,RILP,5,10,2.0,5,44,0.082141
A,RILP-Greedy,5,10,2.0,5,42,0.086591
A,RILP-Greedy,5,10,2.0,5,43,0.090123
A,RILP-Greedy,5,10,2.0,5,44,0.079238
A,Nam2023b,5,10,2.0,5,42,0.081115
A,Nam2023b,5,10,2.0,5,43,0.084647
A,Nam2023b,5,10,2.0,5,44,0.073762
A,Nam2025,5,10,2.0,5,42,0.078856
A,Nam2025,5,10,2.0,5,43,0.082388
A,Nam2025,5,10,2.0,5,44,0.071503
A,Youn2026,5,10,2.0,5,42,0.082645
A,Youn2026,5,10,2.0,5,43,0.086177
A,Youn2026,5,10,2.0,5,44,0.075292
A,V2I-Base,5,10,2.0,5,42,0.082454
A,V2I-Base,5,10,2.0,5,43,0.089117
A,V2I-Base,5,10,2.0,5,44,0.083561
A,V2V-Base,5,10,2.0,5,42,0.072737
A,V2V-Base,5,10,2.0,5,43,0.076269
A,V2V-Base,5,10,2.0,5,44,0.065384
A,Random-K,5,10,2.0,5,42,0.016531
A,Random-K,5,10,2.0,5,43,0.014736
A,Random-K,5,10,2.0,5,44,0.02012
A,RILP,5,10,3.0,5,42,0.089494
A,RILP,5,10,3.0,5,43,0.093026
A,RILP,5,10,3.0,5,44,0.082141
A,RILP-Greedy,5,10,3.0,5,42,0.086591
A,RILP-Greedy,5,10,3.0,5,43,0.090123
A,RILP-Greedy,5,10,3.0,5,44,0.079238
A,Nam2023b,5,10,3.0,5,42,0.081115
A,Nam2023b,5,10,3.0,5,43,0.084647
A,Nam2023b,5,10,3.0,5,44,0.073762
A,Nam2025,5,10,3.0,5,42,0.078856
A,Nam2025,5,10,3.0,5,43,0.082388
A,Nam2025,5,10,3.0,5,44,0.071503
A,Youn2026,5,10,3.0,5,42,0.082645
A,Youn2026,5,10,3.0,5,43,0.086177
A,Youn2026,5,10,3.0,5,44,0.075292
A,V2I-Base,5,10,3.0,5,42,0.082454
A,V2I-Base,5,10,3.0,5,43,0.089117
A,V2I-Base,5,10,3.0,5,44,0.083561
A,V2V-Base,5,10,3.0,5,42,0.072737
A,V2V-Base,5,10,3.0,5,43,0.076269
A,V2V-Base,5,10,3.0,5,44,0.065384
A,Random-K,5,10,3.0,5,42,0.016531
A,Random-K,5,10,3.0,5,43,0.014736
A,Random-K,5,10,3.0,5,44,0.02012
A,RILP,5,20,0.0,5,42,0.087063
A,RILP,5,20,0.0,5,43,0.090595
A,RILP,5,20,0.0,5,44,0.07971
A,RILP-Greedy,5,20,0.0,5,42,0.083917
A,RILP-Greedy,5,20,0.0,5,43,0.087449
A,RILP-Greedy,5,20,0.0,5,44,0.076564
A,Nam2023b,5,20,0.0,5,42,0.07917
A,Nam2023b,5,20,0.0,5,43,0.082702
A,Nam2023b,5,20,0.0,5,44,0.071817
A,Nam2025,5,20,0.0,5,42,0.076425
A,Nam2025,5,20,0.0,5,43,0.079957
A,Nam2025,5,20,0.0,5,44,0.069072
A,Youn2026,5,20,0.0,5,42,0.080457
A,Youn2026,5,20,0.0,5,43,0.083989
A,Youn2026,5,20,0.0,5,44,0.073104
A,V2I-Base,5,20,0.0,5,42,0.081481
A,V2I-Base,5,20,0.0,5,43,0.088144
A,V2I-Base,5,20,0.0,5,44,0.082589
A,V2V-Base,5,20,0.0,5,42,0.071278
A,V2V-Base,5,20,0.0,5,43,0.07481
A,V2V-Base,5,20,0.0,5,44,0.063925
A,Random-K,5,20,0.0,5,42,0.016531
A,Random-K,5,20,0.0,5,43,0.014736
A,Random-K,5,20,0.0,5,44,0.02012
A,RILP,5,20,1.0,5,42,0.087063
A,RILP,5,20,1.0,5,43,0.090595
A,RILP,5,20,1.0,5,44,0.07971
A,RILP-Greedy,5,20,1.0,5,42,0.083917
A,RILP-Greedy,5,20,1.0,5,43,0.087449
A,RILP-Greedy,5,20,1.0,5,44,0.076564
A,Nam2023b,5,20,1.0,5,42,0.07917
A,Nam2023b,5,20,1.0,5,43,0.082702
A,Nam2023b,5,20,1.0,5,44,0.071817
A,Nam2025,5,20,1.0,5,42,0.076425
A,Nam2025,5,20,1.0,5,43,0.079957
A,Nam2025,5,20,1.0,5,44,0.069072
A,Youn2026,5,20,1.0,5,42,0.080457
A,Youn2026,5,20,1.0,5,43,0.083989
A,Youn2026,5,20,1.0,5,44,0.073104
A,V2I-Base,5,20,1.0,5,42,0.081481
A,V2I-Base,5,20,1.0,5,43,0.088144
A,V2I-Base,5,20,1.0,5,44,0.082589
A,V2V-Base,5,20,1.0,5,42,0.071278
A,V2V-Base,5,20,1.0,5,43,0.07481
A,V2V-Base,5,20,1.0,5,44,0.063925
A,Random-K,5,20,1.0,5,42,0.016531
A,Random-K,5,20,1.0,5,43,0.014736
A,Random-K,5,20,1.0,5,44,0.02012
A,RILP,5,20,2.0,5,42,0.087063
A,RILP,5,20,2.0,5,43,0.090595
A,RILP,5,20,2.0,5,44,0.07971
A,RILP-Greedy,5,20,2.0,5,42,0.083917
A,RILP-Greedy,5,20,2.0,5,43,0.087449
A,RILP-Greedy,5,20,2.0,5,44,0.076564
A,Nam2023b,5,20,2.0,5,42,0.07917
A,Nam2023b,5,20,2.0,5,43,0.082702
A,Nam2023b,5,20,2.0,5,44,0.071817
A,Nam2025,5,20,2.0,5,42,0.076425
A,Nam2025,5,20,2.0,5,43,0.079957
A,Nam2025,5,20,2.0,5,44,0.069072
A,Youn2026,5,20,2.0,5,42,0.080457
A,Youn2026,5,20,2.0,5,43,0.083989
A,Youn2026,5,20,2.0,5,44,0.073104
A,V2I-Base,5,20,2.0,5,42,0.081481
A,V2I-Base,5,20,2.0,5,43,0.088144
A,V2I-Base,5,20,2.0,5,44,0.082589
A,V2V-Base,5,20,2.0,5,42,0.071278
A,V2V-Base,5,20,2.0,5,43,0.07481
A,V2V-Base,5,20,2.0,5,44,0.063925
A,Random-K,5,20,2.0,5,42,0.016531
A,Random-K,5,20,2.0,5,43,0.014736
A,Random-K,5,20,2.0,5,44,0.02012
A,RILP,5,20,3.0,5,42,0.087063
A,RILP,5,20,3.0,5,43,0.090595
A,RILP,5,20,3.0,5,44,0.07971
A,RILP-Greedy,5,20,3.0,5,42,0.083917
A,RILP-Greedy,5,20,3.0,5,43,0.087449
A,RILP-Greedy,5,20,3.0,5,44,0.076564
A,Nam2023b,5,20,3.0,5,42,0.07917
A,Nam2023b,5,20,3.0,5,43,0.082702
A,Nam2023b,5,20,3.0,5,44,0.071817
A,Nam2025,5,20,3.0,5,42,0.076425
A,Nam2025,5,20,3.0,5,43,0.079957
A,Nam2025,5,20,3.0,5,44,0.069072
A,Youn2026,5,20,3.0,5,42,0.080457
A,Youn2026,5,20,3.0,5,43,0.083989
A,Youn2026,5,20,3.0,5,44,0.073104
A,V2I-Base,5,20,3.0,5,42,0.081481
A,V2I-Base,5,20,3.0,5,43,0.088144
A,V2I-Base,5,20,3.0,5,44,0.082589
A,V2V-Base,5,20,3.0,5,42,0.071278
A,V2V-Base,5,20,3.0,5,43,0.07481
A,V2V-Base,5,20,3.0,5,44,0.063925
A,Random-K,5,20,3.0,5,42,0.016531
A,Random-K,5,20,3.0,5,43,0.014736
A,Random-K,5,20,3.0,5,44,0.02012
A,RILP,5,30,0.0,5,42,0.084632
A,RILP,5,30,0.0,5,43,0.088164
A,RILP,5,30,0.0,5,44,0.077279
A,RILP-Greedy,5,30,0.0,5,42,0.081243
A,RILP-Greedy,5,30,0.0,5,43,0.084775
A,RILP-Greedy,5,30,0.0,5,44,0.07389
A,Nam2023b,5,30,0.0,5,42,0.077225
A,Nam2023b,5,30,0.0,5,43,0.080757
A,Nam2023b,5,30,0.0,5,44,0.069873
A,Nam2025,5,30,0.0,5,42,0.073994
A,Nam2025,5,30,0.0,5,43,0.077526
A,Nam2025,5,30,0.0,5,44,0.066641
A,Youn2026,5,30,0.0,5,42,0.078269
A,Youn2026,5,30,0.0,5,43,0.081801
A,Youn2026,5,30,0.0,5,44,0.070916
A,V2I-Base,5,30,0.0,5,42,0.080509
A,V2I-Base,5,30,0.0,5,43,0.087172
A,V2I-Base,5,30,0.0,5,44,0.081617
A,V2V-Base,5,30,0.0,5,42,0.069819
A,V2V-Base,5,30,0.0,5,43,0.073351
A,V2V-Base,5,30,0.0,5,44,0.062466
A,Random-K,5,30,0.0,5,42,0.016531
A,Random-K,5,30,0.0,5,43,0.014736
A,Random-K,5,30,0.0,5,44,0.02012
A,RILP,5,30,1.0,5,42,0.084632
A,RILP,5,30,1.0,5,43,0.088164
A,RILP,5,30,1.0,5,44,0.077279
A,RILP-Greedy,5,30,1.0,5,42,0.081243
A,RILP-Greedy,5,30,1.0,5,43,0.084775
A,RILP-Greedy,5,30,1.0,5,44,0.07389
A,Nam2023b,5,30,1.0,5,42,0.077225
A,Nam2023b,5,30,1.0,5,43,0.080757
A,Nam2023b,5,30,1.0,5,44,0.069873
A,Nam2025,5,30,1.0,5,42,0.073994
A,Nam2025,5,30,1.0,5,43,0.077526
A,Nam2025,5,30,1.0,5,44,0.066641
A,Youn2026,5,30,1.0,5,42,0.078269
A,Youn2026,5,30,1.0,5,43,0.081801
A,Youn2026,5,30,1.0,5,44,0.070916
A,V2I-Base,5,30,1.0,5,42,0.080509
A,V2I-Base,5,30,1.0,5,43,0.087172
A,V2I-Base,5,30,1.0,5,44,0.081617
A,V2V-Base,5,30,1.0,5,42,0.069819
A,V2V-Base,5,30,1.0,5,43,0.073351
A,V2V-Base,5,30,1.0,5,44,0.062466
A,Random-K,5,30,1.0,5,42,0.016531
A,Random-K,5,30,1.0,5,43,0.014736
A,Random-K,5,30,1.0,5,44,0.02012
A,RILP,5,30,2.0,5,42,0.084632
A,RILP,5,30,2.0,5,43,0.088164
A,RILP,5,30,2.0,5,44,0.077279
A,RILP-Greedy,5,30,2.0,5,42,0.081243
A,RILP-Greedy,5,30,2.0,5,43,0.084775
A,RILP-Greedy,5,30,2.0,5,44,0.07389
A,Nam2023b,5,30,2.0,5,42,0.077225
A,Nam2023b,5,30,2.0,5,43,0.080757
A,Nam2023b,5,30,2.0,5,44,0.069873
A,Nam2025,5,30,2.0,5,42,0.073994
A,Nam2025,5,30,2.0,5,43,0.077526
A,Nam2025,5,30,2.0,5,44,0.066641
A,Youn2026,5,30,2.0,5,42,0.078269
A,Youn2026,5,30,2.0,5,43,0.081801
A,Youn2026,5,30,2.0,5,44,0.070916
A,V2I-Base,5,30,2.0,5,42,0.080509
A,V2I-Base,5,30,2.0,5,43,0.087172
A,V2I-Base,5,30,2.0,5,44,0.081617
A,V2V-Base,5,30,2.0,5,42,0.069819
A,V2V-Base,5,30,2.0,5,43,0.073351
A,V2V-Base,5,30,2.0,5,44,0.062466
A,Random-K,5,30,2.0,5,42,0.016531
A,Random-K,5,30,2.0,5,43,0.014736
A,Random-K,5,30,2.0,5,44,0.02012
A,RILP,5,30,3.0,5,42,0.084632
A,RILP,5,30,3.0,5,43,0.088164
A,RILP,5,30,3.0,5,44,0.077279
A,RILP-Greedy,5,30,3.0,5,42,0.081243
A,RILP-Greedy,5,30,3.0,5,43,0.084775
A,RILP-Greedy,5,30,3.0,5,44,0.07389
A,Nam2023b,5,30,3.0,5,42,0.077225
A,Nam2023b,5,30,3.0,5,43,0.080757
A,Nam2023b,5,30,3.0,5,44,0.069873
A,Nam2025,5,30,3.0,5,42,0.073994
A,Nam2025,5,30,3.0,5,43,0.077526
A,Nam2025,5,30,3.0,5,44,0.066641
A,Youn2026,5,30,3.0,5,42,0.078269
A,Youn2026,5,30,3.0,5,43,0.081801
A,Youn2026,5,30,3.0,5,44,0.070916
A,V2I-Base,5,30,3.0,5,42,0.080509
A,V2I-Base,5,30,3.0,5,43,0.087172
A,V2I-Base,5,30,3.0,5,44,0.081617
A,V2V-Base,5,30,3.0,5,42,0.069819
A,V2V-Base,5,30,3.0,5,43,0.073351
A,V2V-Base,5,30,3.0,5,44,0.062466
A,Random-K,5,30,3.0,5,42,0.016531
A,Random-K,5,30,3.0,5,43,0.014736
A,Random-K,5,30,3.0,5,44,0.02012
