scenario,algorithm,density,pred_error_pct,gamma,tau_max,seed,CHR
A,RILP,1,0,0.0,5,42,0.545533
A,RILP,1,0,0.0,5,43,0.56196
A,RILP,1,0,0.0,5,44,0.536485
A,RILP-Greedy,1,0,0.0,5,42,0.529124
A,RILP-Greedy,1,0,0.0,5,43,0.545551
A,RILP-Greedy,1,0,0.0,5,44,0.520076
A,Nam2023b,1,0,0.0,5,42,0.490836
A,Nam2023b,1,0,0.0,5,43,0.507263
A,Nam2023b,1,0,0.0,5,44,0.481787
A,Nam2025,1,0,0.0,5,42,0.479896
A,Nam2025,1,0,0.0,5,43,0.496323
A,Nam2025,1,0,0.0,5,44,0.470848
A,Youn2026,1,0,0.0,5,42,0.501775
A,Youn2026,1,0,0.0,5,43,0.518202
A,Youn2026,1,0,0.0,5,44,0.492727
A,V2I-Base,1,0,0.0,5,42,0.518184
A,V2I-Base,1,0,0.0,5,43,0.534611
A,V2I-Base,1,0,0.0,5,44,0.509136
A,V2V-Base,1,0,0.0,5,42,0.436138
A,V2V-Base,1,0,0.0,5,43,0.452565
A,V2V-Base,1,0,0.0,5,44,0.42709
A,Random-K,1,0,0.0,5,42,0.105937
A,Random-K,1,0,0.0,5,43,0.1168
A,Random-K,1,0,0.0,5,44,0.12298
A,RILP,1,0,1.0,5,42,0.545533
A,RILP,1,0,1.0,5,43,0.56196
A,RILP,1,0,1.0,5,44,0.536485
A,RILP-Greedy,1,0,1.0,5,42,0.529124
A,RILP-Greedy,1,0,1.0,5,43,0.545551
A,RILP-Greedy,1,0,1.0,5,44,0.520076
A,Nam2023b,1,0,1.0,5,42,0.490836
A,Nam2023b,1,0,1.0,5,43,0.507263
A,Nam2023b,1,0,1.0,5,44,0.481787
A,Nam2025,1,0,1.0,5,42,0.479896
A,Nam2025,1,0,1.0,5,43,0.496323
A,Nam2025,1,0,1.0,5,44,0.470848
A,Youn2026,1,0,1.0,5,42,0.501775
A,Youn2026,1,0,1.0,5,43,0.518202
A,Youn2026,1,0,1.0,5,44,0.492727
A,V2I-Base,1,0,1.0,5,42,0.518184
A,V2I-Base,1,0,1.0,5,43,0.534611
A,V2I-Base,1,0,1.0,5,44,0.509136
A,V2V-Base,1,0,1.0,5,42,0.436138
A,V2V-Base,1,0,1.0,5,43,0.452565
A,V2V-Base,1,0,1.0,5,44,0.42709
A,Random-K,1,0,1.0,5,42,0.105937
A,Random-K,1,0,1.0,5,43,0.1168
A,Random-K,1,0,1.0,5,44,0.12298
A,RILP,1,0,2.0,5,42,0.545533
A,RILP,1,0,2.0,5,43,0.56196
A,RILP,1,0,2.0,5,44,0.536485
A,RILP-Greedy,1,0,2.0,5,42,0.529124
A,RILP-Greedy,1,0,2.0,5,43,0.545551
A,RILP-Greedy,1,0,2.0,5,44,0.520076
A,Nam2023b,1,0,2.0,5,42,0.490836
A,Nam2023b,1,0,2.0,5,43,0.507263
A,Nam2023b,1,0,2.0,5,44,0.481787
A,Nam2025,1,0,2.0,5,42,0.479896
A,Nam2025,1,0,2.0,5,43,0.496323
A,Nam2025,1,0,2.0,5,44,0.470848
A,Youn2026,1,0,2.0,5,42,0.501775
A,Youn2026,1,0,2.0,5,43,0.518202
A,Youn2026,1,0,2.0,5,44,0.492727
A,V2I-Base,1,0,2.0,5,42,0.518184
A,V2I-Base,1,0,2.0,5,43,0.534611
A,V2I-Base,1,0,2.0,5,44,0.509136
A,V2V-Base,1,0,2.0,5,42,0.436138
A,V2V-Base,1,0,2.0,5,43,0.452565
A,V2V-Base,1,0,2.0,5,44,0.42709
A,Random-K,1,0,2.0,5,42,0.105937
A,Random-K,1,0,2.0,5,43,0.1168
A,Random-K,1,0,2.0,5,44,0.12298
A,RILP,1,0,3.0,5,42,0.545533
A,RILP,1,0,3.0,5,43,0.56196
A,RILP,1,0,3.0,5,44,0.536485
A,RILP-Greedy,1,0,3.0,5,42,0.529124
A,RILP-Greedy,1,0,3.0,5,43,0.545551
A,RILP-Greedy,1,0,3.0,5,44,0.520076
A,Nam2023b,1,0,3.0,5,42,0.490836
A,Nam2023b,1,0,3.0,5,43,0.507263
A,Nam2023b,1,0,3.0,5,44,0.481787
A,Nam2025,1,0,3.0,5,42,0.479896
A,Nam2025,1,0,3.0,5,43,0.496323
A,Nam2025,1,0,3.0,5,44,0.470848
A,Youn2026,1,0,3.0,5,42,0.501775
A,Youn2026,1,0,3.0,5,43,0.518202
A,Youn2026,1,0,3.0,5,44,0.492727
A,V2I-Base,1,0,3.0,5,42,0.518184
A,V2I-Base,1,0,3.0,5,43,0.534611
A,V2I-Base,1,0,3.0,5,44,0.509136
A,V2V-Base,1,0,3.0,5,42,0.436138
A,V2V-Base,1,0,3.0,5,43,0.452565
A,V2V-Base,1,0,3.0,5,44,0.42709
A,Random-K,1,0,3.0,5,42,0.105937
A,Random-K,1,0,3.0,5,43,0.1168
A,Random-K,1,0,3.0,5,44,0.12298
A,RILP,1,10,0.0,5,42,0.530533
A,RILP,1,10,0.0,5,43,0.54696
A,RILP,1,10,0.0,5,44,0.521485
A,RILP-Greedy,1,10,0.0,5,42,0.512624
A,RILP-Greedy,1,10,0.0,5,43,0.529051
A,RILP-Greedy,1,10,0.0,5,44,0.503576
A,Nam2023b,1,10,0.0,5,42,0.478836
A,Nam2023b,1,10,0.0,5,43,0.495263
A,Nam2023b,1,10,0.0,5,44,0.469787
A,Nam2025,1,10,0.0,5,42,0.464896
A,Nam2025,1,10,0.0,5,43,0.481323
A,Nam2025,1,10,0.0,5,44,0.455848
A,Youn2026,1,10,0.0,5,42,0.488275
A,Youn2026,1,10,0.0,5,43,0.504702
A,Youn2026,1,10,0.0,5,44,0.479227
A,V2I-Base,1,10,0.0,5,42,0.512184
A,V2I-Base,1,10,0.0,5,43,0.528611
A,V2I-Base,1,10,0.0,5,44,0.503136
A,V2V-Base,1,10,0.0,5,42,0.427138
A,V2V-Base,1,10,0.0,5,43,0.443565
A,V2V-Base,1,10,0.0,5,44,0.41809
A,Random-K,1,10,0.0,5,42,0.105937
A,Random-K,1,10,0.0,5,43,0.1168
A,Random-K,1,10,0.0,5,44,0.12298
A,RILP,1,10,1.0,5,42,0.530533
A,RILP,1,10,1.0,5,43,0.54696
A,RILP,1,10,1.0,5,44,0.521485
A,RILP-Greedy,1,10,1.0,5,42,0.512624
A,RILP-Greedy,1,10,1.0,5,43,0.529051
A,RILP-Greedy,1,10,1.0,5,44,0.503576
A,Nam2023b,1,10,1.0,5,42,0.478836
A,Nam2023b,1,10,1.0,5,43,0.495263
A,Nam2023b,1,10,1.0,5,44,0.469787
A,Nam2025,1,10,1.0,5,42,0.464896
A,Nam2025,1,10,1.0,5,43,0.481323
A,Nam2025,1,10,1.0,5,44,0.455848
A,Youn2026,1,10,1.0,5,42,0.488275
A,Youn2026,1,10,1.0,5,43,0.504702
A,Youn2026,1,10,1.0,5,44,0.479227
A,V2I-Base,1,10,1.0,5,42,0.512184
A,V2I-Base,1,10,1.0,5,43,0.528611
A,V2I-Base,1,10,1.0,5,44,0.503136
A,V2V-Base,1,10,1.0,5,42,0.427138
A,V2V-Base,1,10,1.0,5,43,0.443565
A,V2V-Base,1,10,1.0,5,44,0.41809
A,Random-K,1,10,1.0,5,42,0.105937
A,Random-K,1,10,1.0,5,43,0.1168
A,Random-K,1,10,1.0,5,44,0.12298
A,RILP,1,10,2.0,5,42,0.530533
A,RILP,1,10,2.0,5,43,0.54696
A,RILP,1,10,2.0,5,44,0.521485
A,RILP-Greedy,1,10,2.0,5,42,0.512624
A,RILP-Greedy,1,10,2.0,5,43,0.529051
A,RILP-Greedy,1,10,2.0,5,44,0.503576
A,Nam2023b,1,10,2.0,5,42,0.478836
A,Nam2023b,1,10,2.0,5,43,0.495263
A,Nam2023b,1,10,2.0,5,44,0.469787
A,Nam2025,1,10,2.0,5,42,0.464896
A,Nam2025,1,10,2.0,5,43,0.481323
A,Nam2025,1,10,2.0,5,44,0.455848
A,Youn2026,1,10,2.0,5,42,0.488275
A,Youn2026,1,10,2.0,5,43,0.504702
A,Youn2026,1,10,2.0,5,44,0.479227
A,V2I-Base,1,10,2.0,5,42,0.512184
A,V2I-Base,1,10,2.0,5,43,0.528611
A,V2I-Base,1,10,2.0,5,44,0.503136
A,V2V-Base,1,10,2.0,5,42,0.427138
A,V2V-Base,1,10,2.0,5,43,0.443565
A,V2V-Base,1,10,2.0,5,44,0.41809
A,Random-K,1,10,2.0,5,42,0.105937
A,Random-K,1,10,2.0,5,43,0.1168
A,Random-K,1,10,2.0,5,44,0.12298
A,RILP,1,10,3.0,5,42,0.530533
A,RILP,1,10,3.0,5,43,0.54696
A,RILP,1,10,3.0,5,44,0.521485
A,RILP-Greedy,1,10,3.0,5,42,0.512624
A,RILP-Greedy,1,10,3.0,5,43,0.529051
A,RILP-Greedy,1,10,3.0,5,44,0.503576
A,Nam2023b,1,10,3.0,5,42,0.478836
A,Nam2023b,1,10,3.0,5,43,0.495263
A,Nam2023b,1,10,3.0,5,44,0.469787
A,Nam2025,1,10,3.0,5,42,0.464896
A,Nam2025,1,10,3.0,5,43,0.481323
A,Nam2025,1,10,3.0,5,44,0.455848
A,Youn2026,1,10,3.0,5,42,0.488275
A,Youn2026,1,10,3.0,5,43,0.504702
A,Youn2026,1,10,3.0,5,44,0.479227
A,V2I-Base,1,10,3.0,5,42,0.512184
A,V2I-Base,1,10,3.0,5,43,0.528611
A,V2I-Base,1,10,3.0,5,44,0.503136
A,V2V-Base,1,10,3.0,5,42,0.427138
A,V2V-Base,1,10,3.0,5,43,0.443565
A,V2V-Base,1,10,3.0,5,44,0.41809
A,Random-K,1,10,3.0,5,42,0.105937
A,Random-K,1,10,3.0,5,43,0.1168
A,Random-K,1,10,3.0,5,44,0.12298
A,RILP,1,20,0.0,5,42,0.515533
A,RILP,1,20,0.0,5,43,0.53196
A,RILP,1,20,0.0,5,44,0.506485
A,RILP-Greedy,1,20,0.0,5,42,0.496124
A,RILP-Greedy,1,20,0.0,5,43,0.512551
A,RILP-Greedy,1,20,0.0,5,44,0.487076
A,Nam2023b,1,20,0.0,5,42,0.466836
A,Nam2023b,1,20,0.0,5,43,0.483263
A,Nam2023b,1,20,0.0,5,44,0.457787
A,Nam2025,1,20,0.0,5,42,0.449896
A,Nam2025,1,20,0.0,5,43,0.466323
A,Nam2025,1,20,0.0,5,44,0.440848
A,Youn2026,1,20,0.0,5,42,0.474775
A,Youn2026,1,20,0.0,5,43,0.491202
A,Youn2026,1,20,0.0,5,44,0.465727
A,V2I-Base,1,20,0.0,5,42,0.506184
A,V2I-Base,1,20,0.0,5,43,0.522611
A,V2I-Base,1,20,0.0,5,44,0.497136
A,V2V-Base,1,20,0.0,5,42,0.418138
A,V2V-Base,1,20,0.0,5,43,0.434565
A,V2V-Base,1,20,0.0,5,44,0.40909
A,Random-K,1,20,0.0,5,42,0.105937
A,Random-K,1,20,0.0,5,43,0.1168
A,Random-K,1,20,0.0,5,44,0.12298
A,RILP,1,20,1.0,5,42,0.515533
A,RILP,1,20,1.0,5,43,0.53196
A,RILP,1,20,1.0,5,44,0.506485
A,RILP-Greedy,1,20,1.0,5,42,0.496124
A,RILP-Greedy,1,20,1.0,5,43,0.512551
A,RILP-Greedy,1,20,1.0,5,44,0.487076
A,Nam2023b,1,20,1.0,5,42,0.466836
A,Nam2023b,1,20,1.0,5,43,0.483263
A,Nam2023b,1,20,1.0,5,44,0.457787
A,Nam2025,1,20,1.0,5,42,0.449896
A,Nam2025,1,20,1.0,5,43,0.466323
A,Nam2025,1,20,1.0,5,44,0.440848
A,Youn2026,1,20,1.0,5,42,0.474775
A,Youn2026,1,20,1.0,5,43,0.491202
A,Youn2026,1,20,1.0,5,44,0.465727
A,V2I-Base,1,20,1.0,5,42,0.506184
A,V2I-Base,1,20,1.0,5,43,0.522611
A,V2I-Base,1,20,1.0,5,44,0.497136
A,V2V-Base,1,20,1.0,5,42,0.418138
A,V2V-Base,1,20,1.0,5,43,0.434565
A,V2V-Base,1,20,1.0,5,44,0.40909
A,Random-K,1,20,1.0,5,42,0.105937
A,Random-K,1,20,1.0,5,43,0.1168
A,Random-K,1,20,1.0,5,44,0.12298
A,RILP,1,20,2.0,5,42,0.515533
A,RILP,1,20,2.0,5,43,0.53196
A,RILP,1,20,2.0,5,44,0.506485
A,RILP-Greedy,1,20,2.0,5,42,0.496124
A,RILP-Greedy,1,20,2.0,5,43,0.512551
A,RILP-Greedy,1,20,2.0,5,44,0.487076
A,Nam2023b,1,20,2.0,5,42,0.466836
A,Nam2023b,1,20,2.0,5,43,0.483263
A,Nam2023b,1,20,2.0,5,44,0.457787
A,Nam2025,1,20,2.0,5,42,0.449896
A,Nam2025,1,20,2.0,5,43,0.466323
A,Nam2025,1,20,2.0,5,44,0.440848
A,Youn2026,1,20,2.0,5,42,0.474775
A,Youn2026,1,20,2.0,5,43,0.491202
A,Youn2026,1,20,2.0,5,44,0.465727
A,V2I-Base,1,20,2.0,5,42,0.506184
A,V2I-Base,1,20,2.0,5,43,0.522611
A,V2I-Base,1,20,2.0,5,44,0.497136
A,V2V-Base,1,20,2.0,5,42,0.418138
A,V2V-Base,1,20,2.0,5,43,0.434565
A,V2V-Base,1,20,2.0,5,44,0.40909
A,Random-K,1,20,2.0,5,42,0.105937
A,Random-K,1,20,2.0,5,43,0.1168
A,Random-K,1,20,2.0,5,44,0.12298
A,RILP,1,20,3.0,5,42,0.515533
A,RILP,1,20,3.0,5,43,0.53196
A,RILP,1,20,3.0,5,44,0.506485
A,RILP-Greedy,1,20,3.0,5,42,0.496124
A,RILP-Greedy,1,20,3.0,5,43,0.512551
A,RILP-Greedy,1,20,3.0,5,44,0.487076
A,Nam2023b,1,20,3.0,5,42,0.466836
A,Nam2023b,1,20,3.0,5,43,0.483263
A,Nam2023b,1,20,3.0,5,44,0.457787
A,Nam2025,1,20,3.0,5,42,0.449896
A,Nam2025,1,20,3.0,5,43,0.466323
A,Nam2025,1,20,3.0,5,44,0.440848
A,Youn2026,1,20,3.0,5,42,0.474775
A,Youn2026,1,20,3.0,5,43,0.491202
A,Youn2026,1,20,3.0,5,44,0.465727
A,V2I-Base,1,20,3.0,5,42,0.506184
A,V2I-Base,1,20,3.0,5,43,0.522611
A,V2I-Base,1,20,3.0,5,44,0.497136
A,V2V-Base,1,20,3.0,5,42,0.418138
A,V2V-Base,1,20,3.0,5,43,0.434565
A,V2V-Base,1,20,3.0,5,44,0.40909
A,Random-K,1,20,3.0,5,42,0.105937
A,Random-K,1,20,3.0,5,43,0.1168
A,Random-K,1,20,3.0,5,44,0.12298
A,RILP,1,30,0.0,5,42,0.500533
A,RILP,1,30,0.0,5,43,0.51696
A,RILP,1,30,0.0,5,44,0.491485
A,RILP-Greedy,1,30,0.0,5,42,0.479624
A,RILP-Greedy,1,30,0.0,5,43,0.496051
A,RILP-Greedy,1,30,0.0,5,44,0.470576
A,Nam2023b,1,30,0.0,5,42,0.454836
A,Nam2023b,1,30,0.0,5,43,0.471263
A,Nam2023b,1,30,0.0,5,44,0.445787
A,Nam2025,1,30,0.0,5,42,0.434896
A,Nam2025,1,30,0.0,5,43,0.451323
A,Nam2025,1,30,0.0,5,44,0.425848
A,Youn2026,1,30,0.0,5,42,0.461275
A,Youn2026,1,30,0.0,5,43,0.477702
A,Youn2026,1,30,0.0,5,44,0.452227
A,V2I-Base,1,30,0.0,5,42,0.500184
A,V2I-Base,1,30,0.0,5,43,0.516611
A,V2I-Base,1,30,0.0,5,44,0.491136
A,V2V-Base,1,30,0.0,5,42,0.409138
A,V2V-Base,1,30,0.0,5,43,0.425565
A,V2V-Base,1,30,0.0,5,44,0.40009
A,Random-K,1,30,0.0,5,42,0.105937
A,Random-K,1,30,0.0,5,43,0.1168
A,Random-K,1,30,0.0,5,44,0.12298
A,RILP,1,30,1.0,5,42,0.500533
A,RILP,1,30,1.0,5,43,0.51696
A,RILP,1,30,1.0,5,44,0.491485
A,RILP-Greedy,1,30,1.0,5,42,0.479624
A,RILP-Greedy,1,30,1.0,5,43,0.496051
A,RILP-Greedy,1,30,1.0,5,44,0.470576
A,Nam2023b,1,30,1.0,5,42,0.454836
A,Nam2023b,1,30,1.0,5,43,0.471263
A,Nam2023b,1,30,1.0,5,44,0.445787
A,Nam2025,1,30,1.0,5,42,0.434896
A,Nam2025,1,30,1.0,5,43,0.451323
A,Nam2025,1,30,1.0,5,44,0.425848
A,Youn2026,1,30,1.0,5,42,0.461275
A,Youn2026,1,30,1.0,5,43,0.477702
A,Youn2026,1,30,1.0,5,44,0.452227
A,V2I-Base,1,30,1.0,5,42,0.500184
A,V2I-Base,1,30,1.0,5,43,0.516611
A,V2I-Base,1,30,1.0,5,44,0.491136
A,V2V-Base,1,30,1.0,5,42,0.409138
A,V2V-Base,1,30,1.0,5,43,0.425565
A,V2V-Base,1,30,1.0,5,44,0.40009
A,Random-K,1,30,1.0,5,42,0.105937
A,Random-K,1,30,1.0,5,43,0.1168
A,Random-K,1,30,1.0,5,44,0.12298
A,RILP,1,30,2.0,5,42,0.500533
A,RILP,1,30,2.0,5,43,0.51696
A,RILP,1,30,2.0,5,44,0.491485
A,RILP-Greedy,1,30,2.0,5,42,0.479624
A,RILP-Greedy,1,30,2.0,5,43,0.496051
A,RILP-Greedy,1,30,2.0,5,44,0.470576
A,Nam2023b,1,30,2.0,5,42,0.454836
A,Nam2023b,1,30,2.0,5,43,0.471263
A,Nam2023b,1,30,2.0,5,44,0.445787
A,Nam2025,1,30,2.0,5,42,0.434896
A,Nam2025,1,30,2.0,5,43,0.451323
A,Nam2025,1,30,2.0,5,44,0.425848
A,Youn2026,1,30,2.0,5,42,0.461275
A,Youn2026,1,30,2.0,5,43,0.477702
A,Youn2026,1,30,2.0,5,44,0.452227
A,V2I-Base,1,30,2.0,5,42,0.500184
A,V2I-Base,1,30,2.0,5,43,0.516611
A,V2I-Base,1,30,2.0,5,44,0.491136
A,V2V-Base,1,30,2.0,5,42,0.409138
A,V2V-Base,1,30,2.0,5,43,0.425565
A,V2V-Base,1,30,2.0,5,44,0.40009
A,Random-K,1,30,2.0,5,42,0.105937
A,Random-K,1,30,2.0,5,43,0.1168
A,Random-K,1,30,2.0,5,44,0.12298
A,RILP,1,30,3.0,5,42,0.500533
A,RILP,1,30,3.0,5,43,0.51696
A,RILP,1,30,3.0,5,44,0.491485
A,RILP-Greedy,1,30,3.0,5,42,0.479624
A,RILP-Greedy,1,30,3.0,5,43,0.496051
A,RILP-Greedy,1,30,3.0,5,44,0.470576
A,Nam2023b,1,30,3.0,5,42,0.454836
A,Nam2023b,1,30,3.0,5,43,0.471263
A,Nam2023b,1,30,3.0,5,44,0.445787
A,Nam2025,1,30,3.0,5,42,0.434896
A,Nam2025,1,30,3.0,5,43,0.451323
A,Nam2025,1,30,3.0,5,44,0.425848
A,Youn2026,1,30,3.0,5,42,0.461275
A,Youn2026,1,30,3.0,5,43,0.477702
A,Youn2026,1,30,3.0,5,44,0.452227
A,V2I-Base,1,30,3.0,5,42,0.500184
A,V2I-Base,1,30,3.0,5,43,0.516611
A,V2I-Base,1,30,3.0,5,44,0.491136
A,V2V-Base,1,30,3.0,5,42,0.409138
A,V2V-Base,1,30,3.0,5,43,0.425565
A,V2V-Base,1,30,3.0,5,44,0.40009
A,Random-K,1,30,3.0,5,42,0.105937
A,Random-K,1,30,3.0,5,43,0.1168
A,Random-K,1,30,3.0,5,44,0.12298
A,RILP,2,0,0.0,5,42,0.56444
A,RILP,2,0,0.0,5,43,0.581436
A,RILP,2,0,0.0,5,44,0.555078
A,RILP-Greedy,2,0,0.0,5,42,0.547462
A,RILP-Greedy,2,0,0.0,5,43,0.564458
A,RILP-Greedy,2,0,0.0,5,44,0.5381
A,Nam2023b,2,0,0.0,5,42,0.507847
A,Nam2023b,2,0,0.0,5,43,0.524843
A,Nam2023b,2,0,0.0,5,44,0.498485
A,Nam2025,2,0,0.0,5,42,0.496528
A,Nam2025,2,0,0.0,5,43,0.513524
A,Nam2025,2,0,0.0,5,44,0.487166
A,Youn2026,2,0,0.0,5,42,0.519165
A,Youn2026,2,0,0.0,5,43,0.536162
A,Youn2026,2,0,0.0,5,44,0.509803
A,V2I-Base,2,0,0.0,5,42,0.536143
A,V2I-Base,2,0,0.0,5,43,0.55314
A,V2I-Base,2,0,0.0,5,44,0.526781
A,V2V-Base,2,0,0.0,5,42,0.451254
A,V2V-Base,2,0,0.0,5,43,0.46825
A,V2V-Base,2,0,0.0,5,44,0.441892
A,Random-K,2,0,0.0,5,42,0.109608
A,Random-K,2,0,0.0,5,43,0.120848
A,Random-K,2,0,0.0,5,44,0.127243
A,RILP,2,0,1.0,5,42,0.56444
A,RILP,2,0,1.0,5,43,0.581436
A,RILP,2,0,1.0,5,44,0.555078
A,RILP-Greedy,2,0,1.0,5,42,0.547462
A,RILP-Greedy,2,0,1.0,5,43,0.564458
A,RILP-Greedy,2,0,1.0,5,44,0.5381
A,Nam2023b,2,0,1.0,5,42,0.507847
A,Nam2023b,2,0,1.0,5,43,0.524843
A,Nam2023b,2,0,1.0,5,44,0.498485
A,Nam2025,2,0,1.0,5,42,0.496528
A,Nam2025,2,0,1.0,5,43,0.513524
A,Nam2025,2,0,1.0,5,44,0.487166
A,Youn2026,2,0,1.0,5,42,0.519165
A,Youn2026,2,0,1.0,5,43,0.536162
A,Youn2026,2,0,1.0,5,44,0.509803
A,V2I-Base,2,0,1.0,5,42,0.536143
A,V2I-Base,2,0,1.0,5,43,0.55314
A,V2I-Base,2,0,1.0,5,44,0.526781
A,V2V-Base,2,0,1.0,5,42,0.451254
A,V2V-Base,2,0,1.0,5,43,0.46825
A,V2V-Base,2,0,1.0,5,44,0.441892
A,Random-K,2,0,1.0,5,42,0.109608
A,Random-K,2,0,1.0,5,43,0.120848
A,Random-K,2,0,1.0,5,44,0.127243
A,RILP,2,0,2.0,5,42,0.56444
A,RILP,2,0,2.0,5,43,0.581436
A,RILP,2,0,2.0,5,44,0.555078
A,RILP-Greedy,2,0,2.0,5,42,0.547462
A,RILP-Greedy,2,0,2.0,5,43,0.564458
A,RILP-Greedy,2,0,2.0,5,44,0.5381
A,Nam2023b,2,0,2.0,5,42,0.507847
A,Nam2023b,2,0,2.0,5,43,0.524843
A,Nam2023b,2,0,2.0,5,44,0.498485
A,Nam2025,2,0,2.0,5,42,0.496528
A,Nam2025,2,0,2.0,5,43,0.513524
A,Nam2025,2,0,2.0,5,44,0.487166
A,Youn2026,2,0,2.0,5,42,0.519165
A,Youn2026,2,0,2.0,5,43,0.536162
A,Youn2026,2,0,2.0,5,44,0.509803
A,V2I-Base,2,0,2.0,5,42,0.536143
A,V2I-Base,2,0,2.0,5,43,0.55314
A,V2I-Base,2,0,2.0,5,44,0.526781
A,V2V-Base,2,0,2.0,5,42,0.451254
A,V2V-Base,2,0,2.0,5,43,0.46825
A,V2V-Base,2,0,2.0,5,44,0.441892
A,Random-K,2,0,2.0,5,42,0.109608
A,Random-K,2,0,2.0,5,43,0.120848
A,Random-K,2,0,2.0,5,44,0.127243
A,RILP,2,0,3.0,5,42,0.56444
A,RILP,2,0,3.0,5,43,0.581436
A,RILP,2,0,3.0,5,44,0.555078
A,RILP-Greedy,2,0,3.0,5,42,0.547462
A,RILP-Greedy,2,0,3.0,5,43,0.564458
A,RILP-Greedy,2,0,3.0,5,44,0.5381
A,Nam2023b,2,0,3.0,5,42,0.507847
A,Nam2023b,2,0,3.0,5,43,0.524843
A,Nam2023b,2,0,3.0,5,44,0.498485
A,Nam2025,2,0,3.0,5,42,0.496528
A,Nam2025,2,0,3.0,5,43,0.513524
A,Nam2025,2,0,3.0,5,44,0.487166
A,Youn2026,2,0,3.0,5,42,0.519165
A,Youn2026,2,0,3.0,5,43,0.536162
A,Youn2026,2,0,3.0,5,44,0.509803
A,V2I-Base,2,0,3.0,5,42,0.536143
A,V2I-Base,2,0,3.0,5,43,0.55314
A,V2I-Base,2,0,3.0,5,44,0.526781
A,V2V-Base,2,0,3.0,5,42,0.451254
A,V2V-Base,2,0,3.0,5,43,0.46825
A,V2V-Base,2,0,3.0,5,44,0.441892
A,Random-K,2,0,3.0,5,42,0.109608
A,Random-K,2,0,3.0,5,43,0.120848
A,Random-K,2,0,3.0,5,44,0.127243
A,RILP,2,10,0.0,5,42,0.54892
A,RILP,2,10,0.0,5,43,0.565916
A,RILP,2,10,0.0,5,44,0.539558
A,RILP-Greedy,2,10,0.0,5,42,0.53039
A,RILP-Greedy,2,10,0.0,5,43,0.547386
A,RILP-Greedy,2,10,0.0,5,44,0.521028
A,Nam2023b,2,10,0.0,5,42,0.495431
A,Nam2023b,2,10,0.0,5,43,0.512427
A,Nam2023b,2,10,0.0,5,44,0.486069
A,Nam2025,2,10,0.0,5,42,0.481008
A,Nam2025,2,10,0.0,5,43,0.498005
A,Nam2025,2,10,0.0,5,44,0.471646
A,Youn2026,2,10,0.0,5,42,0.505197
A,Youn2026,2,10,0.0,5,43,0.522194
A,Youn2026,2,10,0.0,5,44,0.495836
A,V2I-Base,2,10,0.0,5,42,0.529935
A,V2I-Base,2,10,0.0,5,43,0.546932
A,V2I-Base,2,10,0.0,5,44,0.520573
A,V2V-Base,2,10,0.0,5,42,0.441942
A,V2V-Base,2,10,0.0,5,43,0.458938
A,V2V-Base,2,10,0.0,5,44,0.43258
A,Random-K,2,10,0.0,5,42,0.109608
A,Random-K,2,10,0.0,5,43,0.120848
A,Random-K,2,10,0.0,5,44,0.127243
A,RILP,2,10,1.0,5,42,0.54892
A,RILP,2,10,1.0,5,43,0.565916
A,RILP,2,10,1.0,5,44,0.539558
A,RILP-Greedy,2,10,1.0,5,42,0.53039
A,RILP-Greedy,2,10,1.0,5,43,0.547386
A,RILP-Greedy,2,10,1.0,5,44,0.521028
A,Nam2023b,2,10,1.0,5,42,0.495431
A,Nam2023b,2,10,1.0,5,43,0.512427
A,Nam2023b,2,10,1.0,5,44,0.486069
A,Nam2025,2,10,1.0,5,42,0.481008
A,Nam2025,2,10,1.0,5,43,0.498005
A,Nam2025,2,10,1.0,5,44,0.471646
A,Youn2026,2,10,1.0,5,42,0.505197
A,Youn2026,2,10,1.0,5,43,0.522194
A,Youn2026,2,10,1.0,5,44,0.495836
A,V2I-Base,2,10,1.0,5,42,0.529935
A,V2I-Base,2,10,1.0,5,43,0.546932
A,V2I-Base,2,10,1.0,5,44,0.520573
A,V2V-Base,2,10,1.0,5,42,0.441942
A,V2V-Base,2,10,1.0,5,43,0.458938
A,V2V-Base,2,10,1.0,5,44,0.43258
A,Random-K,2,10,1.0,5,42,0.109608
A,Random-K,2,10,1.0,5,43,0.120848
A,Random-K,2,10,1.0,5,44,0.127243
A,RILP,2,10,2.0,5,42,0.54892
A,RILP,2,10,2.0,5,43,0.565916
A,RILP,2,10,2.0,5,44,0.539558
A,RILP-Greedy,2,10,2.0,5,42,0.53039
A,RILP-Greedy,2,10,2.0,5,43,0.547386
A,RILP-Greedy,2,10,2.0,5,44,0.521028
A,Nam2023b,2,10,2.0,5,42,0.495431
A,Nam2023b,2,10,2.0,5,43,0.512427
A,Nam2023b,2,10,2.0,5,44,0.486069
A,Nam2025,2,10,2.0,5,42,0.481008
A,Nam2025,2,10,2.0,5,43,0.498005
A,Nam2025,2,10,2.0,5,44,0.471646
A,Youn2026,2,10,2.0,5,42,0.505197
A,Youn2026,2,10,2.0,5,43,0.522194
A,Youn2026,2,10,2.0,5,44,0.495836
A,V2I-Base,2,10,2.0,5,42,0.529935
A,V2I-Base,2,10,2.0,5,43,0.546932
A,V2I-Base,2,10,2.0,5,44,0.520573
A,V2V-Base,2,10,2.0,5,42,0.441942
A,V2V-Base,2,10,2.0,5,43,0.458938
A,V2V-Base,2,10,2.0,5,44,0.43258
A,Random-K,2,10,2.0,5,42,0.109608
A,Random-K,2,10,2.0,5,43,0.120848
A,Random-K,2,10,2.0,5,44,0.127243
A,RILP,2,10,3.0,5,42,0.54892
A,RILP,2,10,3.0,5,43,0.565916
A,RILP,2,10,3.0,5,44,0.539558
A,RILP-Greedy,2,10,3.0,5,42,0.53039
A,RILP-Greedy,2,10,3.0,5,43,0.547386
A,RILP-Greedy,2,10,3.0,5,44,0.521028
A,Nam2023b,2,10,3.0,5,42,0.495431
A,Nam2023b,2,10,3.0,5,43,0.512427
A,Nam2023b,2,10,3.0,5,44,0.486069
A,Nam2025,2,10,3.0,5,42,0.481008
A,Nam2025,2,10,3.0,5,43,0.498005
A,Nam2025,2,10,3.0,5,44,0.471646
A,Youn2026,2,10,3.0,5,42,0.505197
A,Youn2026,2,10,3.0,5,43,0.522194
A,Youn2026,2,10,3.0,5,44,0.495836
A,V2I-Base,2,10,3.0,5,42,0.529935
A,V2I-Base,2,10,3.0,5,43,0.546932
A,V2I-Base,2,10,3.0,5,44,0.520573
A,V2V-Base,2,10,3.0,5,42,0.441942
A,V2V-Base,2,10,3.0,5,43,0.458938
A,V2V-Base,2,10,3.0,5,44,0.43258
A,Random-K,2,10,3.0,5,42,0.109608
A,Random-K,2,10,3.0,5,43,0.120848
A,Random-K,2,10,3.0,5,44,0.127243
A,RILP,2,20,0.0,5,42,0.5334
A,RILP,2,20,0.0,5,43,0.550396
A,RILP,2,20,0.0,5,44,0.524038
A,RILP-Greedy,2,20,0.0,5,42,0.513318
A,RILP-Greedy,2,20,0.0,5,43,0.530314
A,RILP-Greedy,2,20,0.0,5,44,0.503956
A,Nam2023b,2,20,0.0,5,42,0.483015
A,Nam2023b,2,20,0.0,5,43,0.500011
A,Nam2023b,2,20,0.0,5,44,0.473653
A,Nam2025,2,20,0.0,5,42,0.465488
A,Nam2025,2,20,0.0,5,43,0.482485
A,Nam2025,2,20,0.0,5,44,0.456126
A,Youn2026,2,20,0.0,5,42,0.49123
A,Youn2026,2,20,0.0,5,43,0.508226
A,Youn2026,2,20,0.0,5,44,0.481868
A,V2I-Base,2,20,0.0,5,42,0.523727
A,V2I-Base,2,20,0.0,5,43,0.540724
A,V2I-Base,2,20,0.0,5,44,0.514365
A,V2V-Base,2,20,0.0,5,42,0.43263
A,V2V-Base,2,20,0.0,5,43,0.449626
A,V2V-Base,2,20,0.0,5,44,0.423268
A,Random-K,2,20,0.0,5,42,0.109608
A,Random-K,2,20,0.0,5,43,0.120848
A,Random-K,2,20,0.0,5,44,0.127243
A,RILP,2,20,1.0,5,42,0.5334
A,RILP,2,20,1.0,5,43,0.550396
A,RILP,2,20,1.0,5,44,0.524038
A,RILP-Greedy,2,20,1.0,5,42,0.513318
A,RILP-Greedy,2,20,1.0,5,43,0.530314
A,RILP-Greedy,2,20,1.0,5,44,0.503956
A,Nam2023b,2,20,1.0,5,42,0.483015
A,Nam2023b,2,20,1.0,5,43,0.500011
A,Nam2023b,2,20,1.0,5,44,0.473653
A,Nam2025,2,20,1.0,5,42,0.465488
A,Nam2025,2,20,1.0,5,43,0.482485
A,Nam2025,2,20,1.0,5,44,0.456126
A,Youn2026,2,20,1.0,5,42,0.49123
A,Youn2026,2,20,1.0,5,43,0.508226
A,Youn2026,2,20,1.0,5,44,0.481868
A,V2I-Base,2,20,1.0,5,42,0.523727
A,V2I-Base,2,20,1.0,5,43,0.540724
A,V2I-Base,2,20,1.0,5,44,0.514365
A,V2V-Base,2,20,1.0,5,42,0.43263
A,V2V-Base,2,20,1.0,5,43,0.449626
A,V2V-Base,2,20,1.0,5,44,0.423268
A,Random-K,2,20,1.0,5,42,0.109608
A,Random-K,2,20,1.0,5,43,0.120848
A,Random-K,2,20,1.0,5,44,0.127243
A,RILP,2,20,2.0,5,42,0.5334
A,RILP,2,20,2.0,5,43,0.550396
A,RILP,2,20,2.0,5,44,0.524038
A,RILP-Greedy,2,20,2.0,5,42,0.513318
A,RILP-Greedy,2,20,2.0,5,43,0.530314
A,RILP-Greedy,2,20,2.0,5,44,0.503956
A,Nam2023b,2,20,2.0,5,42,0.483015
A,Nam2023b,2,20,2.0,5,43,0.500011
A,Nam2023b,2,20,2.0,5,44,0.473653
A,Nam2025,2,20,2.0,5,42,0.465488
A,Nam2025,2,20,2.0,5,43,0.482485
A,Nam2025,2,20,2.0,5,44,0.456126
A,Youn2026,2,20,2.0,5,42,0.49123
A,Youn2026,2,20,2.0,5,43,0.508226
A,Youn2026,2,20,2.0,5,44,0.481868
A,V2I-Base,2,20,2.0,5,42,0.523727
A,V2I-Base,2,20,2.0,5,43,0.540724
A,V2I-Base,2,20,2.0,5,44,0.514365
A,V2V-Base,2,20,2.0,5,42,0.43263
A,V2V-Base,2,20,2.0,5,43,0.449626
A,V2V-Base,2,20,2.0,5,44,0.423268
A,Random-K,2,20,2.0,5,42,0.109608
A,Random-K,2,20,2.0,5,43,0.120848
A,Random-K,2,20,2.0,5,44,0.127243
A,RILP,2,20,3.0,5,42,0.5334
A,RILP,2,20,3.0,5,43,0.550396
A,RILP,2,20,3.0,5,44,0.524038
A,RILP-Greedy,2,20,3.0,5,42,0.513318
A,RILP-Greedy,2,20,3.0,5,43,0.530314
A,RILP-Greedy,2,20,3.0,5,44,0.503956
A,Nam2023b,2,20,3.0,5,42,0.483015
A,Nam2023b,2,20,3.0,5,43,0.500011
A,Nam2023b,2,20,3.0,5,44,0.473653
A,Nam2025,2,20,3.0,5,42,0.465488
A,Nam2025,2,20,3.0,5,43,0.482485
A,Nam2025,2,20,3.0,5,44,0.456126
A,Youn2026,2,20,3.0,5,42,0.49123
A,Youn2026,2,20,3.0,5,43,0.508226
A,Youn2026,2,20,3.0,5,44,0.481868
A,V2I-Base,2,20,3.0,5,42,0.523727
A,V2I-Base,2,20,3.0,5,43,0.540724
A,V2I-Base,2,20,3.0,5,44,0.514365
A,V2V-Base,2,20,3.0,5,42,0.43263
A,V2V-Base,2,20,3.0,5,43,0.449626
A,V2V-Base,2,20,3.0,5,44,0.423268
A,Random-K,2,20,3.0,5,42,0.109608
A,Random-K,2,20,3.0,5,43,0.120848
A,Random-K,2,20,3.0,5,44,0.127243
A,RILP,2,30,0.0,5,42,0.51788
A,RILP,2,30,0.0,5,43,0.534876
A,RILP,2,30,0.0,5,44,0.508518
A,RILP-Greedy,2,30,0.0,5,42,0.496246
A,RILP-Greedy,2,30,0.0,5,43,0.513243
A,RILP-Greedy,2,30,0.0,5,44,0.486884
A,Nam2023b,2,30,0.0,5,42,0.470599
A,Nam2023b,2,30,0.0,5,43,0.487595
A,Nam2023b,2,30,0.0,5,44,0.461237
A,Nam2025,2,30,0.0,5,42,0.449968
A,Nam2025,2,30,0.0,5,43,0.466965
A,Nam2025,2,30,0.0,5,44,0.440607
A,Youn2026,2,30,0.0,5,42,0.477262
A,Youn2026,2,30,0.0,5,43,0.494258
A,Youn2026,2,30,0.0,5,44,0.4679
A,V2I-Base,2,30,0.0,5,42,0.517519
A,V2I-Base,2,30,0.0,5,43,0.534516
A,V2I-Base,2,30,0.0,5,44,0.508158
A,V2V-Base,2,30,0.0,5,42,0.423318
A,V2V-Base,2,30,0.0,5,43,0.440314
A,V2V-Base,2,30,0.0,5,44,0.413956
A,Random-K,2,30,0.0,5,42,0.109608
A,Random-K,2,30,0.0,5,43,0.120848
A,Random-K,2,30,0.0,5,44,0.127243
A,RILP,2,30,1.0,5,42,0.51788
A,RILP,2,30,1.0,5,43,0.534876
A,RILP,2,30,1.0,5,44,0.508518
A,RILP-Greedy,2,30,1.0,5,42,0.496246
A,RILP-Greedy,2,30,1.0,5,43,0.513243
A,RILP-Greedy,2,30,1.0,5,44,0.486884
A,Nam2023b,2,30,1.0,5,42,0.470599
A,Nam2023b,2,30,1.0,5,43,0.487595
A,Nam2023b,2,30,1.0,5,44,0.461237
A,Nam2025,2,30,1.0,5,42,0.449968
A,Nam2025,2,30,1.0,5,43,0.466965
A,Nam2025,2,30,1.0,5,44,0.440607
A,Youn2026,2,30,1.0,5,42,0.477262
A,Youn2026,2,30,1.0,5,43,0.494258
A,Youn2026,2,30,1.0,5,44,0.4679
A,V2I-Base,2,30,1.0,5,42,0.517519
A,V2I-Base,2,30,1.0,5,43,0.534516
A,V2I-Base,2,30,1.0,5,44,0.508158
A,V2V-Base,2,30,1.0,5,42,0.423318
A,V2V-Base,2,30,1.0,5,43,0.440314
A,V2V-Base,2,30,1.0,5,44,0.413956
A,Random-K,2,30,1.0,5,42,0.109608
A,Random-K,2,30,1.0,5,43,0.120848
A,Random-K,2,30,1.0,5,44,0.127243
A,RILP,2,30,2.0,5,42,0.51788
A,RILP,2,30,2.0,5,43,0.534876
A,RILP,2,30,2.0,5,44,0.508518
A,RILP-Greedy,2,30,2.0,5,42,0.496246
A,RILP-Greedy,2,30,2.0,5,43,0.513243
A,RILP-Greedy,2,30,2.0,5,44,0.486884
A,Nam2023b,2,30,2.0,5,42,0.470599
A,Nam2023b,2,30,2.0,5,43,0.487595
A,Nam2023b,2,30,2.0,5,44,0.461237
A,Nam2025,2,30,2.0,5,42,0.449968
A,Nam2025,2,30,2.0,5,43,0.466965
A,Nam2025,2,30,2.0,5,44,0.440607
A,Youn2026,2,30,2.0,5,42,0.477262
A,Youn2026,2,30,2.0,5,43,0.494258
A,Youn2026,2,30,2.0,5,44,0.4679
A,V2I-Base,2,30,2.0,5,42,0.517519
A,V2I-Base,2,30,2.0,5,43,0.534516
A,V2I-Base,2,30,2.0,5,44,0.508158
A,V2V-Base,2,30,2.0,5,42,0.423318
A,V2V-Base,2,30,2.0,5,43,0.440314
A,V2V-Base,2,30,2.0,5,44,0.413956
A,Random-K,2,30,2.0,5,42,0.109608
A,Random-K,2,30,2.0,5,43,0.120848
A,Random-K,2,30,2.0,5,44,0.127243
A,RILP,2,30,3.0,5,42,0.51788
A,RILP,2,30,3.0,5,43,0.534876
A,RILP,2,30,3.0,5,44,0.508518
A,RILP-Greedy,2,30,3.0,5,42,0.496246
A,RILP-Greedy,2,30,3.0,5,43,0.513243
A,RILP-Greedy,2,30,3.0,5,44,0.486884
A,Nam2023b,2,30,3.0,5,42,0.470599
A,Nam2023b,2,30,3.0,5,43,0.487595
A,Nam2023b,2,30,3.0,5,44,0.461237
A,Nam2025,2,30,3.0,5,42,0.449968
A,Nam2025,2,30,3.0,5,43,0.466965
A,Nam2025,2,30,3.0,5,44,0.440607
A,Youn2026,2,30,3.0,5,42,0.477262
A,Youn2026,2,30,3.0,5,43,0.494258
A,Youn2026,2,30,3.0,5,44,0.4679
A,V2I-Base,2,30,3.0,5,42,0.517519
A,V2I-Base,2,30,3.0,5,43,0.534516
A,V2I-Base,2,30,3.0,5,44,0.508158
A,V2V-Base,2,30,3.0,5,42,0.423318
A,V2V-Base,2,30,3.0,5,43,0.440314
A,V2V-Base,2,30,3.0,5,44,0.413956
A,Random-K,2,30,3.0,5,42,0.109608
A,Random-K,2,30,3.0,5,43,0.120848
A,Random-K,2,30,3.0,5,44,0.127243
A,RILP,3,0,0.0,5,42,0.575499
A,RILP,3,0,0.0,5,43,0.592829
A,RILP,3,0,0.0,5,44,0.565954
A,RILP-Greedy,3,0,0.0,5,42,0.558189
A,RILP-Greedy,3,0,0.0,5,43,0.575518
A,RILP-Greedy,3,0,0.0,5,44,0.548644
A,Nam2023b,3,0,0.0,5,42,0.517798
A,Nam2023b,3,0,0.0,5,43,0.535127
A,Nam2023b,3,0,0.0,5,44,0.508252
A,Nam2025,3,0,0.0,5,42,0.506257
A,Nam2025,3,0,0.0,5,43,0.523586
A,Nam2025,3,0,0.0,5,44,0.496712
A,Youn2026,3,0,0.0,5,42,0.529338
A,Youn2026,3,0,0.0,5,43,0.546667
A,Youn2026,3,0,0.0,5,44,0.519793
A,V2I-Base,3,0,0.0,5,42,0.546648
A,V2I-Base,3,0,0.0,5,43,0.563978
A,V2I-Base,3,0,0.0,5,44,0.537103
A,V2V-Base,3,0,0.0,5,42,0.460096
A,V2V-Base,3,0,0.0,5,43,0.477425
A,V2V-Base,3,0,0.0,5,44,0.45055
A,Random-K,3,0,0.0,5,42,0.111756
A,Random-K,3,0,0.0,5,43,0.123216
A,Random-K,3,0,0.0,5,44,0.129736
A,RILP,3,0,1.0,5,42,0.575499
A,RILP,3,0,1.0,5,43,0.592829
A,RILP,3,0,1.0,5,44,0.565954
A,RILP-Greedy,3,0,1.0,5,42,0.558189
A,RILP-Greedy,3,0,1.0,5,43,0.575518
A,RILP-Greedy,3,0,1.0,5,44,0.548644
A,Nam2023b,3,0,1.0,5,42,0.517798
A,Nam2023b,3,0,1.0,5,43,0.535127
A,Nam2023b,3,0,1.0,5,44,0.508252
A,Nam2025,3,0,1.0,5,42,0.506257
A,Nam2025,3,0,1.0,5,43,0.523586
A,Nam2025,3,0,1.0,5,44,0.496712
A,Youn2026,3,0,1.0,5,42,0.529338
A,Youn2026,3,0,1.0,5,43,0.546667
A,Youn2026,3,0,1.0,5,44,0.519793
A,V2I-Base,3,0,1.0,5,42,0.546648
A,V2I-Base,3,0,1.0,5,43,0.563978
A,V2I-Base,3,0,1.0,5,44,0.537103
A,V2V-Base,3,0,1.0,5,42,0.460096
A,V2V-Base,3,0,1.0,5,43,0.477425
A,V2V-Base,3,0,1.0,5,44,0.45055
A,Random-K,3,0,1.0,5,42,0.111756
A,Random-K,3,0,1.0,5,43,0.123216
A,Random-K,3,0,1.0,5,44,0.129736
A,RILP,3,0,2.0,5,42,0.575499
A,RILP,3,0,2.0,5,43,0.592829
A,RILP,3,0,2.0,5,44,0.565954
A,RILP-Greedy,3,0,2.0,5,42,0.558189
A,RILP-Greedy,3,0,2.0,5,43,0.575518
A,RILP-Greedy,3,0,2.0,5,44,0.548644
A,Nam2023b,3,0,2.0,5,42,0.517798
A,Nam2023b,3,0,2.0,5,43,0.535127
A,Nam2023b,3,0,2.0,5,44,0.508252
A,Nam2025,3,0,2.0,5,42,0.506257
A,Nam2025,3,0,2.0,5,43,0.523586
A,Nam2025,3,0,2.0,5,44,0.496712
A,Youn2026,3,0,2.0,5,42,0.529338
A,Youn2026,3,0,2.0,5,43,0.546667
A,Youn2026,3,0,2.0,5,44,0.519793
A,V2I-Base,3,0,2.0,5,42,0.546648
A,V2I-Base,3,0,2.0,5,43,0.563978
A,V2I-Base,3,0,2.0,5,44,0.537103
A,V2V-Base,3,0,2.0,5,42,0.460096
A,V2V-Base,3,0,2.0,5,43,0.477425
A,V2V-Base,3,0,2.0,5,44,0.45055
A,Random-K,3,0,2.0,5,42,0.111756
A,Random-K,3,0,2.0,5,43,0.123216
A,Random-K,3,0,2.0,5,44,0.129736
A,RILP,3,0,3.0,5,42,0.575499
A,RILP,3,0,3.0,5,43,0.592829
A,RILP,3,0,3.0,5,44,0.565954
A,RILP-Greedy,3,0,3.0,5,42,0.558189
A,RILP-Greedy,3,0,3.0,5,43,0.575518
A,RILP-Greedy,3,0,3.0,5,44,0.548644
A,Nam2023b,3,0,3.0,5,42,0.517798
A,Nam2023b,3,0,3.0,5,43,0.535127
A,Nam2023b,3,0,3.0,5,44,0.508252
A,Nam2025,3,0,3.0,5,42,0.506257
A,Nam2025,3,0,3.0,5,43,0.523586
A,Nam2025,3,0,3.0,5,44,0.496712
A,Youn2026,3,0,3.0,5,42,0.529338
A,Youn2026,3,0,3.0,5,43,0.546667
A,Youn2026,3,0,3.0,5,44,0.519793
A,V2I-Base,3,0,3.0,5,42,0.546648
A,V2I-Base,3,0,3.0,5,43,0.563978
A,V2I-Base,3,0,3.0,5,44,0.537103
A,V2V-Base,3,0,3.0,5,42,0.460096
A,V2V-Base,3,0,3.0,5,43,0.477425
A,V2V-Base,3,0,3.0,5,44,0.45055
A,Random-K,3,0,3.0,5,42,0.111756
A,Random-K,3,0,3.0,5,43,0.123216
A,Random-K,3,0,3.0,5,44,0.129736
A,RILP,3,10,0.0,5,42,0.559676
A,RILP,3,10,0.0,5,43,0.577005
A,RILP,3,10,0.0,5,44,0.55013
A,RILP-Greedy,3,10,0.0,5,42,0.540783
A,RILP-Greedy,3,10,0.0,5,43,0.558112
A,RILP-Greedy,3,10,0.0,5,44,0.531237
A,Nam2023b,3,10,0.0,5,42,0.505138
A,Nam2023b,3,10,0.0,5,43,0.522468
A,Nam2023b,3,10,0.0,5,44,0.495593
A,Nam2025,3,10,0.0,5,42,0.490433
A,Nam2025,3,10,0.0,5,43,0.507763
A,Nam2025,3,10,0.0,5,44,0.480888
A,Youn2026,3,10,0.0,5,42,0.515096
A,Youn2026,3,10,0.0,5,43,0.532426
A,Youn2026,3,10,0.0,5,44,0.505551
A,V2I-Base,3,10,0.0,5,42,0.540319
A,V2I-Base,3,10,0.0,5,43,0.557648
A,V2I-Base,3,10,0.0,5,44,0.530774
A,V2V-Base,3,10,0.0,5,42,0.450601
A,V2V-Base,3,10,0.0,5,43,0.467931
A,V2V-Base,3,10,0.0,5,44,0.441056
A,Random-K,3,10,0.0,5,42,0.111756
A,Random-K,3,10,0.0,5,43,0.123216
A,Random-K,3,10,0.0,5,44,0.129736
A,RILP,3,10,1.0,5,42,0.559676
A,RILP,3,10,1.0,5,43,0.577005
A,RILP,3,10,1.0,5,44,0.55013
A,RILP-Greedy,3,10,1.0,5,42,0.540783
A,RILP-Greedy,3,10,1.0,5,43,0.558112
A,RILP-Greedy,3,10,1.0,5,44,0.531237
A,Nam2023b,3,10,1.0,5,42,0.505138
A,Nam2023b,3,10,1.0,5,43,0.522468
A,Nam2023b,3,10,1.0,5,44,0.495593
A,Nam2025,3,10,1.0,5,42,0.490433
A,Nam2025,3,10,1.0,5,43,0.507763
A,Nam2025,3,10,1.0,5,44,0.480888
A,Youn2026,3,10,1.0,5,42,0.515096
A,Youn2026,3,10,1.0,5,43,0.532426
A,Youn2026,3,10,1.0,5,44,0.505551
A,V2I-Base,3,10,1.0,5,42,0.540319
A,V2I-Base,3,10,1.0,5,43,0.557648
A,V2I-Base,3,10,1.0,5,44,0.530774
A,V2V-Base,3,10,1.0,5,42,0.450601
A,V2V-Base,3,10,1.0,5,43,0.467931
A,V2V-Base,3,10,1.0,5,44,0.441056
A,Random-K,3,10,1.0,5,42,0.111756
A,Random-K,3,10,1.0,5,43,0.123216
A,Random-K,3,10,1.0,5,44,0.129736
A,RILP,3,10,2.0,5,42,0.559676
A,RILP,3,10,2.0,5,43,0.577005
A,RILP,3,10,2.0,5,44,0.55013
A,RILP-Greedy,3,10,2.0,5,42,0.540783
A,RILP-Greedy,3,10,2.0,5,43,0.558112
A,RILP-Greedy,3,10,2.0,5,44,0.531237
A,Nam2023b,3,10,2.0,5,42,0.505138
A,Nam2023b,3,10,2.0,5,43,0.522468
A,Nam2023b,3,10,2.0,5,44,0.495593
A,Nam2025,3,10,2.0,5,42,0.490433
A,Nam2025,3,10,2.0,5,43,0.507763
A,Nam2025,3,10,2.0,5,44,0.480888
A,Youn2026,3,10,2.0,5,42,0.515096
A,Youn2026,3,10,2.0,5,43,0.532426
A,Youn2026,3,10,2.0,5,44,0.505551
A,V2I-Base,3,10,2.0,5,42,0.540319
A,V2I-Base,3,10,2.0,5,43,0.557648
A,V2I-Base,3,10,2.0,5,44,0.530774
A,V2V-Base,3,10,2.0,5,42,0.450601
A,V2V-Base,3,10,2.0,5,43,0.467931
A,V2V-Base,3,10,2.0,5,44,0.441056
A,Random-K,3,10,2.0,5,42,0.111756
A,Random-K,3,10,2.0,5,43,0.123216
A,Random-K,3,10,2.0,5,44,0.129736
A,RILP,3,10,3.0,5,42,0.559676
A,RILP,3,10,3.0,5,43,0.577005
A,RILP,3,10,3.0,5,44,0.55013
A,RILP-Greedy,3,10,3.0,5,42,0.540783
A,RILP-Greedy,3,10,3.0,5,43,0.558112
A,RILP-Greedy,3,10,3.0,5,44,0.531237
A,Nam2023b,3,10,3.0,5,42,0.505138
A,Nam2023b,3,10,3.0,5,43,0.522468
A,Nam2023b,3,10,3.0,5,44,0.495593
A,Nam2025,3,10,3.0,5,42,0.490433
A,Nam2025,3,10,3.0,5,43,0.507763
A,Nam2025,3,10,3.0,5,44,0.480888
A,Youn2026,3,10,3.0,5,42,0.515096
A,Youn2026,3,10,3.0,5,43,0.532426
A,Youn2026,3,10,3.0,5,44,0.505551
A,V2I-Base,3,10,3.0,5,42,0.540319
A,V2I-Base,3,10,3.0,5,43,0.557648
A,V2I-Base,3,10,3.0,5,44,0.530774
A,V2V-Base,3,10,3.0,5,42,0.450601
A,V2V-Base,3,10,3.0,5,43,0.467931
A,V2V-Base,3,10,3.0,5,44,0.441056
A,Random-K,3,10,3.0,5,42,0.111756
A,Random-K,3,10,3.0,5,43,0.123216
A,Random-K,3,10,3.0,5,44,0.129736
A,RILP,3,20,0.0,5,42,0.543852
A,RILP,3,20,0.0,5,43,0.561181
A,RILP,3,20,0.0,5,44,0.534306
A,RILP-Greedy,3,20,0.0,5,42,0.523376
A,RILP-Greedy,3,20,0.0,5,43,0.540706
A,RILP-Greedy,3,20,0.0,5,44,0.513831
A,Nam2023b,3,20,0.0,5,42,0.492479
A,Nam2023b,3,20,0.0,5,43,0.509809
A,Nam2023b,3,20,0.0,5,44,0.482934
A,Nam2025,3,20,0.0,5,42,0.474609
A,Nam2025,3,20,0.0,5,43,0.491939
A,Nam2025,3,20,0.0,5,44,0.465064
A,Youn2026,3,20,0.0,5,42,0.500855
A,Youn2026,3,20,0.0,5,43,0.518184
A,Youn2026,3,20,0.0,5,44,0.491309
A,V2I-Base,3,20,0.0,5,42,0.533989
A,V2I-Base,3,20,0.0,5,43,0.551319
A,V2I-Base,3,20,0.0,5,44,0.524444
A,V2V-Base,3,20,0.0,5,42,0.441107
A,V2V-Base,3,20,0.0,5,43,0.458436
A,V2V-Base,3,20,0.0,5,44,0.431562
A,Random-K,3,20,0.0,5,42,0.111756
A,Random-K,3,20,0.0,5,43,0.123216
A,Random-K,3,20,0.0,5,44,0.129736
A,RILP,3,20,1.0,5,42,0.543852
A,RILP,3,20,1.0,5,43,0.561181
A,RILP,3,20,1.0,5,44,0.534306
A,RILP-Greedy,3,20,1.0,5,42,0.523376
A,RILP-Greedy,3,20,1.0,5,43,0.540706
A,RILP-Greedy,3,20,1.0,5,44,0.513831
A,Nam2023b,3,20,1.0,5,42,0.492479
A,Nam2023b,3,20,1.0,5,43,0.509809
A,Nam2023b,3,20,1.0,5,44,0.482934
A,Nam2025,3,20,1.0,5,42,0.474609
A,Nam2025,3,20,1.0,5,43,0.491939
A,Nam2025,3,20,1.0,5,44,0.465064
A,Youn2026,3,20,1.0,5,42,0.500855
A,Youn2026,3,20,1.0,5,43,0.518184
A,Youn2026,3,20,1.0,5,44,0.491309
A,V2I-Base,3,20,1.0,5,42,0.533989
A,V2I-Base,3,20,1.0,5,43,0.551319
A,V2I-Base,3,20,1.0,5,44,0.524444
A,V2V-Base,3,20,1.0,5,42,0.441107
A,V2V-Base,3,20,1.0,5,43,0.458436
A,V2V-Base,3,20,1.0,5,44,0.431562
A,Random-K,3,20,1.0,5,42,0.111756
A,Random-K,3,20,1.0,5,43,0.123216
A,Random-K,3,20,1.0,5,44,0.129736
A,RILP,3,20,2.0,5,42,0.543852
A,RILP,3,20,2.0,5,43,0.561181
A,RILP,3,20,2.0,5,44,0.534306
A,RILP-Greedy,3,20,2.0,5,42,0.523376
A,RILP-Greedy,3,20,2.0,5,43,0.540706
A,RILP-Greedy,3,20,2.0,5,44,0.513831
A,Nam2023b,3,20,2.0,5,42,0.492479
A,Nam2023b,3,20,2.0,5,43,0.509809
A,Nam2023b,3,20,2.0,5,44,0.482934
A,Nam2025,3,20,2.0,5,42,0.474609
A,Nam2025,3,20,2.0,5,43,0.491939
A,Nam2025,3,20,2.0,5,44,0.465064
A,Youn2026,3,20,2.0,5,42,0.500855
A,Youn2026,3,20,2.0,5,43,0.518184
A,Youn2026,3,20,2.0,5,44,0.491309
A,V2I-Base,3,20,2.0,5,42,0.533989
A,V2I-Base,3,20,2.0,5,43,0.551319
A,V2I-Base,3,20,2.0,5,44,0.524444
A,V2V-Base,3,20,2.0,5,42,0.441107
A,V2V-Base,3,20,2.0,5,43,0.458436
A,V2V-Base,3,20,2.0,5,44,0.431562
A,Random-K,3,20,2.0,5,42,0.111756
A,Random-K,3,20,2.0,5,43,0.123216
A,Random-K,3,20,2.0,5,44,0.129736
A,RILP,3,20,3.0,5,42,0.543852
A,RILP,3,20,3.0,5,43,0.561181
A,RILP,3,20,3.0,5,44,0.534306
A,RILP-Greedy,3,20,3.0,5,42,0.523376
A,RILP-Greedy,3,20,3.0,5,43,0.540706
A,RILP-Greedy,3,20,3.0,5,44,0.513831
A,Nam2023b,3,20,3.0,5,42,0.492479
A,Nam2023b,3,20,3.0,5,43,0.509809
A,Nam2023b,3,20,3.0,5,44,0.482934
A,Nam2025,3,20,3.0,5,42,0.474609
A,Nam2025,3,20,3.0,5,43,0.491939
A,Nam2025,3,20,3.0,5,44,0.465064
A,Youn2026,3,20,3.0,5,42,0.500855
A,Youn2026,3,20,3.0,5,43,0.518184
A,Youn2026,3,20,3.0,5,44,0.491309
A,V2I-Base,3,20,3.0,5,42,0.533989
A,V2I-Base,3,20,3.0,5,43,0.551319
A,V2I-Base,3,20,3.0,5,44,0.524444
A,V2V-Base,3,20,3.0,5,42,0.441107
A,V2V-Base,3,20,3.0,5,43,0.458436
A,V2V-Base,3,20,3.0,5,44,0.431562
A,Random-K,3,20,3.0,5,42,0.111756
A,Random-K,3,20,3.0,5,43,0.123216
A,Random-K,3,20,3.0,5,44,0.129736
A,RILP,3,30,0.0,5,42,0.528028
A,RILP,3,30,0.0,5,43,0.545357
A,RILP,3,30,0.0,5,44,0.518482
A,RILP-Greedy,3,30,0.0,5,42,0.50597
A,RILP-Greedy,3,30,0.0,5,43,0.523299
A,RILP-Greedy,3,30,0.0,5,44,0.496425
A,Nam2023b,3,30,0.0,5,42,0.47982
A,Nam2023b,3,30,0.0,5,43,0.497149
A,Nam2023b,3,30,0.0,5,44,0.470275
A,Nam2025,3,30,0.0,5,42,0.458785
A,Nam2025,3,30,0.0,5,43,0.476115
A,Nam2025,3,30,0.0,5,44,0.44924
A,Youn2026,3,30,0.0,5,42,0.486613
A,Youn2026,3,30,0.0,5,43,0.503943
A,Youn2026,3,30,0.0,5,44,0.477068
A,V2I-Base,3,30,0.0,5,42,0.52766
A,V2I-Base,3,30,0.0,5,43,0.544989
A,V2I-Base,3,30,0.0,5,44,0.518114
A,V2V-Base,3,30,0.0,5,42,0.431612
A,V2V-Base,3,30,0.0,5,43,0.448942
A,V2V-Base,3,30,0.0,5,44,0.422067
A,Random-K,3,30,0.0,5,42,0.111756
A,Random-K,3,30,0.0,5,43,0.123216
A,Random-K,3,30,0.0,5,44,0.129736
A,RILP,3,30,1.0,5,42,0.528028
A,RILP,3,30,1.0,5,43,0.545357
A,RILP,3,30,1.0,5,44,0.518482
A,RILP-Greedy,3,30,1.0,5,42,0.50597
A,RILP-Greedy,3,30,1.0,5,43,0.523299
A,RILP-Greedy,3,30,1.0,5,44,0.496425
A,Nam2023b,3,30,1.0,5,42,0.47982
A,Nam2023b,3,30,1.0,5,43,0.497149
A,Nam2023b,3,30,1.0,5,44,0.470275
A,Nam2025,3,30,1.0,5,42,0.458785
A,Nam2025,3,30,1.0,5,43,0.476115
A,Nam2025,3,30,1.0,5,44,0.44924
A,Youn2026,3,30,1.0,5,42,0.486613
A,Youn2026,3,30,1.0,5,43,0.503943
A,Youn2026,3,30,1.0,5,44,0.477068
A,V2I-Base,3,30,1.0,5,42,0.52766
A,V2I-Base,3,30,1.0,5,43,0.544989
A,V2I-Base,3,30,1.0,5,44,0.518114
A,V2V-Base,3,30,1.0,5,42,0.431612
A,V2V-Base,3,30,1.0,5,43,0.448942
A,V2V-Base,3,30,1.0,5,44,0.422067
A,Random-K,3,30,1.0,5,42,0.111756
A,Random-K,3,30,1.0,5,43,0.123216
A,Random-K,3,30,1.0,5,44,0.129736
A,RILP,3,30,2.0,5,42,0.528028
A,RILP,3,30,2.0,5,43,0.545357
A,RILP,3,30,2.0,5,44,0.518482
A,RILP-Greedy,3,30,2.0,5,42,0.50597
A,RILP-Greedy,3,30,2.0,5,43,0.523299
A,RILP-Greedy,3,30,2.0,5,44,0.496425
A,Nam2023b,3,30,2.0,5,42,0.47982
A,Nam2023b,3,30,2.0,5,43,0.497149
A,Nam2023b,3,30,2.0,5,44,0.470275
A,Nam2025,3,30,2.0,5,42,0.458785
A,Nam2025,3,30,2.0,5,43,0.476115
A,Nam2025,3,30,2.0,5,44,0.44924
A,Youn2026,3,30,2.0,5,42,0.486613
A,Youn2026,3,30,2.0,5,43,0.503943
A,Youn2026,3,30,2.0,5,44,0.477068
A,V2I-Base,3,30,2.0,5,42,0.52766
A,V2I-Base,3,30,2.0,5,43,0.544989
A,V2I-Base,3,30,2.0,5,44,0.518114
A,V2V-Base,3,30,2.0,5,42,0.431612
A,V2V-Base,3,30,2.0,5,43,0.448942
A,V2V-Base,3,30,2.0,5,44,0.422067
A,Random-K,3,30,2.0,5,42,0.111756
A,Random-K,3,30,2.0,5,43,0.123216
A,Random-K,3,30,2.0,5,44,0.129736
A,RILP,3,30,3.0,5,42,0.528028
A,RILP,3,30,3.0,5,43,0.545357
A,RILP,3,30,3.0,5,44,0.518482
A,RILP-Greedy,3,30,3.0,5,42,0.50597
A,RILP-Greedy,3,30,3.0,5,43,0.523299
A,RILP-Greedy,3,30,3.0,5,44,0.496425
A,Nam2023b,3,30,3.0,5,42,0.47982
A,Nam2023b,3,30,3.0,5,43,0.497149
A,Nam2023b,3,30,3.0,5,44,0.470275
A,Nam2025,3,30,3.0,5,42,0.458785
A,Nam2025,3,30,3.0,5,43,0.476115
A,Nam2025,3,30,3.0,5,44,0.44924
A,Youn2026,3,30,3.0,5,42,0.486613
A,Youn2026,3,30,3.0,5,43,0.503943
A,Youn2026,3,30,3.0,5,44,0.477068
A,V2I-Base,3,30,3.0,5,42,0.52766
A,V2I-Base,3,30,3.0,5,43,0.544989
A,V2I-Base,3,30,3.0,5,44,0.518114
A,V2V-Base,3,30,3.0,5,42,0.431612
A,V2V-Base,3,30,3.0,5,43,0.448942
A,V2V-Base,3,30,3.0,5,44,0.422067
A,Random-K,3,30,3.0,5,42,0.111756
A,Random-K,3,30,3.0,5,43,0.123216
A,Random-K,3,30,3.0,5,44,0.129736
A,RILP,4,0,0.0,5,42,0.583346
A,RILP,4,0,0.0,5,43,0.600912
A,RILP,4,0,0.0,5,44,0.573671
A,RILP-Greedy,4,0,0.0,5,42,0.5658
A,RILP-Greedy,4,0,0.0,5,43,0.583365
A,RILP-Greedy,4,0,0.0,5,44,0.556124
A,Nam2023b,4,0,0.0,5,42,0.524858
A,Nam2023b,4,0,0.0,5,43,0.542423
A,Nam2023b,4,0,0.0,5,44,0.515182
A,Nam2025,4,0,0.0,5,42,0.51316
A,Nam2025,4,0,0.0,5,43,0.530726
A,Nam2025,4,0,0.0,5,44,0.503485
A,Youn2026,4,0,0.0,5,42,0.536555
A,Youn2026,4,0,0.0,5,43,0.554121
A,Youn2026,4,0,0.0,5,44,0.52688
A,V2I-Base,4,0,0.0,5,42,0.554102
A,V2I-Base,4,0,0.0,5,43,0.571668
A,V2I-Base,4,0,0.0,5,44,0.544427
A,V2V-Base,4,0,0.0,5,42,0.466369
A,V2V-Base,4,0,0.0,5,43,0.483935
A,V2V-Base,4,0,0.0,5,44,0.456694
A,Random-K,4,0,0.0,5,42,0.11328
A,Random-K,4,0,0.0,5,43,0.124896
A,Random-K,4,0,0.0,5,44,0.131505
A,RILP,4,0,1.0,5,42,0.583346
A,RILP,4,0,1.0,5,43,0.600912
A,RILP,4,0,1.0,5,44,0.573671
A,RILP-Greedy,4,0,1.0,5,42,0.5658
A,RILP-Greedy,4,0,1.0,5,43,0.583365
A,RILP-Greedy,4,0,1.0,5,44,0.556124
A,Nam2023b,4,0,1.0,5,42,0.524858
A,Nam2023b,4,0,1.0,5,43,0.542423
A,Nam2023b,4,0,1.0,5,44,0.515182
A,Nam2025,4,0,1.0,5,42,0.51316
A,Nam2025,4,0,1.0,5,43,0.530726
A,Nam2025,4,0,1.0,5,44,0.503485
A,Youn2026,4,0,1.0,5,42,0.536555
A,Youn2026,4,0,1.0,5,43,0.554121
A,Youn2026,4,0,1.0,5,44,0.52688
A,V2I-Base,4,0,1.0,5,42,0.554102
A,V2I-Base,4,0,1.0,5,43,0.571668
A,V2I-Base,4,0,1.0,5,44,0.544427
A,V2V-Base,4,0,1.0,5,42,0.466369
A,V2V-Base,4,0,1.0,5,43,0.483935
A,V2V-Base,4,0,1.0,5,44,0.456694
A,Random-K,4,0,1.0,5,42,0.11328
A,Random-K,4,0,1.0,5,43,0.124896
A,Random-K,4,0,1.0,5,44,0.131505
A,RILP,4,0,2.0,5,42,0.583346
A,RILP,4,0,2.0,5,43,0.600912
A,RILP,4,0,2.0,5,44,0.573671
A,RILP-Greedy,4,0,2.0,5,42,0.5658
A,RILP-Greedy,4,0,2.0,5,43,0.583365
A,RILP-Greedy,4,0,2.0,5,44,0.556124
A,Nam2023b,4,0,2.0,5,42,0.524858
A,Nam2023b,4,0,2.0,5,43,0.542423
A,Nam2023b,4,0,2.0,5,44,0.515182
A,Nam2025,4,0,2.0,5,42,0.51316
A,Nam2025,4,0,2.0,5,43,0.530726
A,Nam2025,4,0,2.0,5,44,0.503485
A,Youn2026,4,0,2.0,5,42,0.536555
A,Youn2026,4,0,2.0,5,43,0.554121
A,Youn2026,4,0,2.0,5,44,0.52688
A,V2I-Base,4,0,2.0,5,42,0.554102
A,V2I-Base,4,0,2.0,5,43,0.571668
A,V2I-Base,4,0,2.0,5,44,0.544427
A,V2V-Base,4,0,2.0,5,42,0.466369
A,V2V-Base,4,0,2.0,5,43,0.483935
A,V2V-Base,4,0,2.0,5,44,0.456694
A,Random-K,4,0,2.0,5,42,0.11328
A,Random-K,4,0,2.0,5,43,0.124896
A,Random-K,4,0,2.0,5,44,0.131505
A,RILP,4,0,3.0,5,42,0.583346
A,RILP,4,0,3.0,5,43,0.600912
A,RILP,4,0,3.0,5,44,0.573671
A,RILP-Greedy,4,0,3.0,5,42,0.5658
A,RILP-Greedy,4,0,3.0,5,43,0.583365
A,RILP-Greedy,4,0,3.0,5,44,0.556124
A,Nam2023b,4,0,3.0,5,42,0.524858
A,Nam2023b,4,0,3.0,5,43,0.542423
A,Nam2023b,4,0,3.0,5,44,0.515182
A,Nam2025,4,0,3.0,5,42,0.51316
A,Nam2025,4,0,3.0,5,43,0.530726
A,Nam2025,4,0,3.0,5,44,0.503485
A,Youn2026,4,0,3.0,5,42,0.536555
A,Youn2026,4,0,3.0,5,43,0.554121
A,Youn2026,4,0,3.0,5,44,0.52688
A,V2I-Base,4,0,3.0,5,42,0.554102
A,V2I-Base,4,0,3.0,5,43,0.571668
A,V2I-Base,4,0,3.0,5,44,0.544427
A,V2V-Base,4,0,3.0,5,42,0.466369
A,V2V-Base,4,0,3.0,5,43,0.483935
A,V2V-Base,4,0,3.0,5,44,0.456694
A,Random-K,4,0,3.0,5,42,0.11328
A,Random-K,4,0,3.0,5,43,0.124896
A,Random-K,4,0,3.0,5,44,0.131505
A,RILP,4,10,0.0,5,42,0.567307
A,RILP,4,10,0.0,5,43,0.584872
A,RILP,4,10,0.0,5,44,0.557631
A,RILP-Greedy,4,10,0.0,5,42,0.548156
A,RILP-Greedy,4,10,0.0,5,43,0.565722
A,RILP-Greedy,4,10,0.0,5,44,0.538481
A,Nam2023b,4,10,0.0,5,42,0.512026
A,Nam2023b,4,10,0.0,5,43,0.529592
A,Nam2023b,4,10,0.0,5,44,0.502351
A,Nam2025,4,10,0.0,5,42,0.49712
A,Nam2025,4,10,0.0,5,43,0.514686
A,Nam2025,4,10,0.0,5,44,0.487445
A,Youn2026,4,10,0.0,5,42,0.52212
A,Youn2026,4,10,0.0,5,43,0.539685
A,Youn2026,4,10,0.0,5,44,0.512444
A,V2I-Base,4,10,0.0,5,42,0.547686
A,V2I-Base,4,10,0.0,5,43,0.565252
A,V2I-Base,4,10,0.0,5,44,0.538011
A,V2V-Base,4,10,0.0,5,42,0.456745
A,V2V-Base,4,10,0.0,5,43,0.474311
A,V2V-Base,4,10,0.0,5,44,0.44707
A,Random-K,4,10,0.0,5,42,0.11328
A,Random-K,4,10,0.0,5,43,0.124896
A,Random-K,4,10,0.0,5,44,0.131505
A,RILP,4,10,1.0,5,42,0.567307
A,RILP,4,10,1.0,5,43,0.584872
A,RILP,4,10,1.0,5,44,0.557631
A,RILP-Greedy,4,10,1.0,5,42,0.548156
A,RILP-Greedy,4,10,1.0,5,43,0.565722
A,RILP-Greedy,4,10,1.0,5,44,0.538481
A,Nam2023b,4,10,1.0,5,42,0.512026
A,Nam2023b,4,10,1.0,5,43,0.529592
A,Nam2023b,4,10,1.0,5,44,0.502351
A,Nam2025,4,10,1.0,5,42,0.49712
A,Nam2025,4,10,1.0,5,43,0.514686
A,Nam2025,4,10,1.0,5,44,0.487445
A,Youn2026,4,10,1.0,5,42,0.52212
A,Youn2026,4,10,1.0,5,43,0.539685
A,Youn2026,4,10,1.0,5,44,0.512444
A,V2I-Base,4,10,1.0,5,42,0.547686
A,V2I-Base,4,10,1.0,5,43,0.565252
A,V2I-Base,4,10,1.0,5,44,0.538011
A,V2V-Base,4,10,1.0,5,42,0.456745
A,V2V-Base,4,10,1.0,5,43,0.474311
A,V2V-Base,4,10,1.0,5,44,0.44707
A,Random-K,4,10,1.0,5,42,0.11328
A,Random-K,4,10,1.0,5,43,0.124896
A,Random-K,4,10,1.0,5,44,0.131505
A,RILP,4,10,2.0,5,42,0.567307
A,RILP,4,10,2.0,5,43,0.584872
A,RILP,4,10,2.0,5,44,0.557631
A,RILP-Greedy,4,10,2.0,5,42,0.548156
A,RILP-Greedy,4,10,2.0,5,43,0.565722
A,RILP-Greedy,4,10,2.0,5,44,0.538481
A,Nam2023b,4,10,2.0,5,42,0.512026
A,Nam2023b,4,10,2.0,5,43,0.529592
A,Nam2023b,4,10,2.0,5,44,0.502351
A,Nam2025,4,10,2.0,5,42,0.49712
A,Nam2025,4,10,2.0,5,43,0.514686
A,Nam2025,4,10,2.0,5,44,0.487445
A,Youn2026,4,10,2.0,5,42,0.52212
A,Youn2026,4,10,2.0,5,43,0.539685
A,Youn2026,4,10,2.0,5,44,0.512444
A,V2I-Base,4,10,2.0,5,42,0.547686
A,V2I-Base,4,10,2.0,5,43,0.565252
A,V2I-Base,4,10,2.0,5,44,0.538011
A,V2V-Base,4,10,2.0,5,42,0.456745
A,V2V-Base,4,10,2.0,5,43,0.474311
A,V2V-Base,4,10,2.0,5,44,0.44707
A,Random-K,4,10,2.0,5,42,0.11328
A,Random-K,4,10,2.0,5,43,0.124896
A,Random-K,4,10,2.0,5,44,0.131505
A,RILP,4,10,3.0,5,42,0.567307
A,RILP,4,10,3.0,5,43,0.584872
A,RILP,4,10,3.0,5,44,0.557631
A,RILP-Greedy,4,10,3.0,5,42,0.548156
A,RILP-Greedy,4,10,3.0,5,43,0.565722
A,RILP-Greedy,4,10,3.0,5,44,0.538481
A,Nam2023b,4,10,3.0,5,42,0.512026
A,Nam2023b,4,10,3.0,5,43,0.529592
A,Nam2023b,4,10,3.0,5,44,0.502351
A,Nam2025,4,10,3.0,5,42,0.49712
A,Nam2025,4,10,3.0,5,43,0.514686
A,Nam2025,4,10,3.0,5,44,0.487445
A,Youn2026,4,10,3.0,5,42,0.52212
A,Youn2026,4,10,3.0,5,43,0.539685
A,Youn2026,4,10,3.0,5,44,0.512444
A,V2I-Base,4,10,3.0,5,42,0.547686
A,V2I-Base,4,10,3.0,5,43,0.565252
A,V2I-Base,4,10,3.0,5,44,0.538011
A,V2V-Base,4,10,3.0,5,42,0.456745
A,V2V-Base,4,10,3.0,5,43,0.474311
A,V2V-Base,4,10,3.0,5,44,0.44707
A,Random-K,4,10,3.0,5,42,0.11328
A,Random-K,4,10,3.0,5,43,0.124896
A,Random-K,4,10,3.0,5,44,0.131505
A,RILP,4,20,0.0,5,42,0.551267
A,RILP,4,20,0.0,5,43,0.568833
A,RILP,4,20,0.0,5,44,0.541592
A,RILP-Greedy,4,20,0.0,5,42,0.530512
A,RILP-Greedy,4,20,0.0,5,43,0.548078
A,RILP-Greedy,4,20,0.0,5,44,0.520837
A,Nam2023b,4,20,0.0,5,42,0.499194
A,Nam2023b,4,20,0.0,5,43,0.51676
A,Nam2023b,4,20,0.0,5,44,0.489519
A,Nam2025,4,20,0.0,5,42,0.481081
A,Nam2025,4,20,0.0,5,43,0.498646
A,Nam2025,4,20,0.0,5,44,0.471405
A,Youn2026,4,20,0.0,5,42,0.507684
A,Youn2026,4,20,0.0,5,43,0.52525
A,Youn2026,4,20,0.0,5,44,0.498009
A,V2I-Base,4,20,0.0,5,42,0.54127
A,V2I-Base,4,20,0.0,5,43,0.558836
A,V2I-Base,4,20,0.0,5,44,0.531595
A,V2V-Base,4,20,0.0,5,42,0.447121
A,V2V-Base,4,20,0.0,5,43,0.464687
A,V2V-Base,4,20,0.0,5,44,0.437446
A,Random-K,4,20,0.0,5,42,0.11328
A,Random-K,4,20,0.0,5,43,0.124896
A,Random-K,4,20,0.0,5,44,0.131505
A,RILP,4,20,1.0,5,42,0.551267
A,RILP,4,20,1.0,5,43,0.568833
A,RILP,4,20,1.0,5,44,0.541592
A,RILP-Greedy,4,20,1.0,5,42,0.530512
A,RILP-Greedy,4,20,1.0,5,43,0.548078
A,RILP-Greedy,4,20,1.0,5,44,0.520837
A,Nam2023b,4,20,1.0,5,42,0.499194
A,Nam2023b,4,20,1.0,5,43,0.51676
A,Nam2023b,4,20,1.0,5,44,0.489519
A,Nam2025,4,20,1.0,5,42,0.481081
A,Nam2025,4,20,1.0,5,43,0.498646
A,Nam2025,4,20,1.0,5,44,0.471405
A,Youn2026,4,20,1.0,5,42,0.507684
A,Youn2026,4,20,1.0,5,43,0.52525
A,Youn2026,4,20,1.0,5,44,0.498009
A,V2I-Base,4,20,1.0,5,42,0.54127
A,V2I-Base,4,20,1.0,5,43,0.558836
A,V2I-Base,4,20,1.0,5,44,0.531595
A,V2V-Base,4,20,1.0,5,42,0.447121
A,V2V-Base,4,20,1.0,5,43,0.464687
A,V2V-Base,4,20,1.0,5,44,0.437446
A,Random-K,4,20,1.0,5,42,0.11328
A,Random-K,4,20,1.0,5,43,0.124896
A,Random-K,4,20,1.0,5,44,0.131505
A,RILP,4,20,2.0,5,42,0.551267
A,RILP,4,20,2.0,5,43,0.568833
A,RILP,4,20,2.0,5,44,0.541592
A,RILP-Greedy,4,20,2.0,5,42,0.530512
A,RILP-Greedy,4,20,2.0,5,43,0.548078
A,RILP-Greedy,4,20,2.0,5,44,0.520837
A,Nam2023b,4,20,2.0,5,42,0.499194
A,Nam2023b,4,20,2.0,5,43,0.51676
A,Nam2023b,4,20,2.0,5,44,0.489519
A,Nam2025,4,20,2.0,5,42,0.481081
A,Nam2025,4,20,2.0,5,43,0.498646
A,Nam2025,4,20,2.0,5,44,0.471405
A,Youn2026,4,20,2.0,5,42,0.507684
A,Youn2026,4,20,2.0,5,43,0.52525
A,Youn2026,4,20,2.0,5,44,0.498009
A,V2I-Base,4,20,2.0,5,42,0.54127
A,V2I-Base,4,20,2.0,5,43,0.558836
A,V2I-Base,4,20,2.0,5,44,0.531595
A,V2V-Base,4,20,2.0,5,42,0.447121
A,V2V-Base,4,20,2.0,5,43,0.464687
A,V2V-Base,4,20,2.0,5,44,0.437446
A,Random-K,4,20,2.0,5,42,0.11328
A,Random-K,4,20,2.0,5,43,0.124896
A,Random-K,4,20,2.0,5,44,0.131505
A,RILP,4,20,3.0,5,42,0.551267
A,RILP,4,20,3.0,5,43,0.568833
A,RILP,4,20,3.0,5,44,0.541592
A,RILP-Greedy,4,20,3.0,5,42,0.530512
A,RILP-Greedy,4,20,3.0,5,43,0.548078
A,RILP-Greedy,4,20,3.0,5,44,0.520837
A,Nam2023b,4,20,3.0,5,42,0.499194
A,Nam2023b,4,20,3.0,5,43,0.51676
A,Nam2023b,4,20,3.0,5,44,0.489519
A,Nam2025,4,20,3.0,5,42,0.481081
A,Nam2025,4,20,3.0,5,43,0.498646
A,Nam2025,4,20,3.0,5,44,0.471405
A,Youn2026,4,20,3.0,5,42,0.507684
A,Youn2026,4,20,3.0,5,43,0.52525
A,Youn2026,4,20,3.0,5,44,0.498009
A,V2I-Base,4,20,3.0,5,42,0.54127
A,V2I-Base,4,20,3.0,5,43,0.558836
A,V2I-Base,4,20,3.0,5,44,0.531595
A,V2V-Base,4,20,3.0,5,42,0.447121
A,V2V-Base,4,20,3.0,5,43,0.464687
A,V2V-Base,4,20,3.0,5,44,0.437446
A,Random-K,4,20,3.0,5,42,0.11328
A,Random-K,4,20,3.0,5,43,0.124896
A,Random-K,4,20,3.0,5,44,0.131505
A,RILP,4,30,0.0,5,42,0.535227
A,RILP,4,30,0.0,5,43,0.552793
A,RILP,4,30,0.0,5,44,0.525552
A,RILP-Greedy,4,30,0.0,5,42,0.512869
A,RILP-Greedy,4,30,0.0,5,43,0.530434
A,RILP-Greedy,4,30,0.0,5,44,0.503193
A,Nam2023b,4,30,0.0,5,42,0.486362
A,Nam2023b,4,30,0.0,5,43,0.503928
A,Nam2023b,4,30,0.0,5,44,0.476687
A,Nam2025,4,30,0.0,5,42,0.465041
A,Nam2025,4,30,0.0,5,43,0.482606
A,Nam2025,4,30,0.0,5,44,0.455365
A,Youn2026,4,30,0.0,5,42,0.493248
A,Youn2026,4,30,0.0,5,43,0.510814
A,Youn2026,4,30,0.0,5,44,0.483573
A,V2I-Base,4,30,0.0,5,42,0.534854
A,V2I-Base,4,30,0.0,5,43,0.55242
A,V2I-Base,4,30,0.0,5,44,0.525179
A,V2V-Base,4,30,0.0,5,42,0.437498
A,V2V-Base,4,30,0.0,5,43,0.455063
A,V2V-Base,4,30,0.0,5,44,0.427822
A,Random-K,4,30,0.0,5,42,0.11328
A,Random-K,4,30,0.0,5,43,0.124896
A,Random-K,4,30,0.0,5,44,0.131505
A,RILP,4,30,1.0,5,42,0.535227
A,RILP,4,30,1.0,5,43,0.552793
A,RILP,4,30,1.0,5,44,0.525552
A,RILP-Greedy,4,30,1.0,5,42,0.512869
A,RILP-Greedy,4,30,1.0,5,43,0.530434
A,RILP-Greedy,4,30,1.0,5,44,0.503193
A,Nam2023b,4,30,1.0,5,42,0.486362
A,Nam2023b,4,30,1.0,5,43,0.503928
A,Nam2023b,4,30,1.0,5,44,0.476687
A,Nam2025,4,30,1.0,5,42,0.465041
A,Nam2025,4,30,1.0,5,43,0.482606
A,Nam2025,4,30,1.0,5,44,0.455365
A,Youn2026,4,30,1.0,5,42,0.493248
A,Youn2026,4,30,1.0,5,43,0.510814
A,Youn2026,4,30,1.0,5,44,0.483573
A,V2I-Base,4,30,1.0,5,42,0.534854
A,V2I-Base,4,30,1.0,5,43,0.55242
A,V2I-Base,4,30,1.0,5,44,0.525179
A,V2V-Base,4,30,1.0,5,42,0.437498
A,V2V-Base,4,30,1.0,5,43,0.455063
A,V2V-Base,4,30,1.0,5,44,0.427822
A,Random-K,4,30,1.0,5,42,0.11328
A,Random-K,4,30,1.0,5,43,0.124896
A,Random-K,4,30,1.0,5,44,0.131505
A,RILP,4,30,2.0,5,42,0.535227
A,RILP,4,30,2.0,5,43,0.552793
A,RILP,4,30,2.0,5,44,0.525552
A,RILP-Greedy,4,30,2.0,5,42,0.512869
A,RILP-Greedy,4,30,2.0,5,43,0.530434
A,RILP-Greedy,4,30,2.0,5,44,0.503193
A,Nam2023b,4,30,2.0,5,42,0.486362
A,Nam2023b,4,30,2.0,5,43,0.503928
A,Nam2023b,4,30,2.0,5,44,0.476687
A,Nam2025,4,30,2.0,5,42,0.465041
A,Nam2025,4,30,2.0,5,43,0.482606
A,Nam2025,4,30,2.0,5,44,0.455365
A,Youn2026,4,30,2.0,5,42,0.493248
A,Youn2026,4,30,2.0,5,43,0.510814
A,Youn2026,4,30,2.0,5,44,0.483573
A,V2I-Base,4,30,2.0,5,42,0.534854
A,V2I-Base,4,30,2.0,5,43,0.55242
A,V2I-Base,4,30,2.0,5,44,0.525179
A,V2V-Base,4,30,2.0,5,42,0.437498
A,V2V-Base,4,30,2.0,5,43,0.455063
A,V2V-Base,4,30,2.0,5,44,0.427822
A,Random-K,4,30,2.0,5,42,0.11328
A,Random-K,4,30,2.0,5,43,0.124896
A,Random-K,4,30,2.0,5,44,0.131505
A,RILP,4,30,3.0,5,42,0.535227
A,RILP,4,30,3.0,5,43,0.552793
A,RILP,4,30,3.0,5,44,0.525552
A,RILP-Greedy,4,30,3.0,5,42,0.512869
A,RILP-Greedy,4,30,3.0,5,43,0.530434
A,RILP-Greedy,4,30,3.0,5,44,0.503193
A,Nam2023b,4,30,3.0,5,42,0.486362
A,Nam2023b,4,30,3.0,5,43,0.503928
A,Nam2023b,4,30,3.0,5,44,0.476687
A,Nam2025,4,30,3.0,5,42,0.465041
A,Nam2025,4,30,3.0,5,43,0.482606
A,Nam2025,4,30,3.0,5,44,0.455365
A,Youn2026,4,30,3.0,5,42,0.493248
A,Youn2026,4,30,3.0,5,43,0.510814
A,Youn2026,4,30,3.0,5,44,0.483573
A,V2I-Base,4,30,3.0,5,42,0.534854
A,V2I-Base,4,30,3.0,5,43,0.55242
A,V2I-Base,4,30,3.0,5,44,0.525179
A,V2V-Base,4,30,3.0,5,42,0.437498
A,V2V-Base,4,30,3.0,5,43,0.455063
A,V2V-Base,4,30,3.0,5,44,0.427822
A,Random-K,4,30,3.0,5,42,0.11328
A,Random-K,4,30,3.0,5,43,0.124896
A,Random-K,4,30,3.0,5,44,0.131505
A,RILP,5,0,0.0,5,42,0.589433
A,RILP,5,0,0.0,5,43,0.607182
A,RILP,5,0,0.0,5,44,0.579657
A,RILP-Greedy,5,0,0.0,5,42,0.571703
A,RILP-Greedy,5,0,0.0,5,43,0.589452
A,RILP-Greedy,5,0,0.0,5,44,0.561927
A,Nam2023b,5,0,0.0,5,42,0.530334
A,Nam2023b,5,0,0.0,5,43,0.548083
A,Nam2023b,5,0,0.0,5,44,0.520558
A,Nam2025,5,0,0.0,5,42,0.518514
A,Nam2025,5,0,0.0,5,43,0.536263
A,Nam2025,5,0,0.0,5,44,0.508738
A,Youn2026,5,0,0.0,5,42,0.542154
A,Youn2026,5,0,0.0,5,43,0.559903
A,Youn2026,5,0,0.0,5,44,0.532377
A,V2I-Base,5,0,0.0,5,42,0.559884
A,V2I-Base,5,0,0.0,5,43,0.577632
A,V2I-Base,5,0,0.0,5,44,0.550107
A,V2V-Base,5,0,0.0,5,42,0.471235
A,V2V-Base,5,0,0.0,5,43,0.488984
A,V2V-Base,5,0,0.0,5,44,0.461459
A,Random-K,5,0,0.0,5,42,0.114462
A,Random-K,5,0,0.0,5,43,0.126199
A,Random-K,5,0,0.0,5,44,0.132877
A,RILP,5,0,1.0,5,42,0.589433
A,RILP,5,0,1.0,5,43,0.607182
A,RILP,5,0,1.0,5,44,0.579657
A,RILP-Greedy,5,0,1.0,5,42,0.571703
A,RILP-Greedy,5,0,1.0,5,43,0.589452
A,RILP-Greedy,5,0,1.0,5,44,0.561927
A,Nam2023b,5,0,1.0,5,42,0.530334
A,Nam2023b,5,0,1.0,5,43,0.548083
A,Nam2023b,5,0,1.0,5,44,0.520558
A,Nam2025,5,0,1.0,5,42,0.518514
A,Nam2025,5,0,1.0,5,43,0.536263
A,Nam2025,5,0,1.0,5,44,0.508738
A,Youn2026,5,0,1.0,5,42,0.542154
A,Youn2026,5,0,1.0,5,43,0.559903
A,Youn2026,5,0,1.0,5,44,0.532377
A,V2I-Base,5,0,1.0,5,42,0.559884
A,V2I-Base,5,0,1.0,5,43,0.577632
A,V2I-Base,5,0,1.0,5,44,0.550107
A,V2V-Base,5,0,1.0,5,42,0.471235
A,V2V-Base,5,0,1.0,5,43,0.488984
A,V2V-Base,5,0,1.0,5,44,0.461459
A,Random-K,5,0,1.0,5,42,0.114462
A,Random-K,5,0,1.0,5,43,0.126199
A,Random-K,5,0,1.0,5,44,0.132877
A,RILP,5,0,2.0,5,42,0.589433
A,RILP,5,0,2.0,5,43,0.607182
A,RILP,5,0,2.0,5,44,0.579657
A,RILP-Greedy,5,0,2.0,5,42,0.571703
A,RILP-Greedy,5,0,2.0,5,43,0.589452
A,RILP-Greedy,5,0,2.0,5,44,0.561927
A,Nam2023b,5,0,2.0,5,42,0.530334
A,Nam2023b,5,0,2.0,5,43,0.548083
A,Nam2023b,5,0,2.0,5,44,0.520558
A,Nam2025,5,0,2.0,5,42,0.518514
A,Nam2025,5,0,2.0,5,43,0.536263
A,Nam2025,5,0,2.0,5,44,0.508738
A,Youn2026,5,0,2.0,5,42,0.542154
A,Youn2026,5,0,2.0,5,43,0.559903
A,Youn2026,5,0,2.0,5,44,0.532377
A,V2I-Base,5,0,2.0,5,42,0.559884
A,V2I-Base,5,0,2.0,5,43,0.577632
A,V2I-Base,5,0,2.0,5,44,0.550107
A,V2V-Base,5,0,2.0,5,42,0.471235
A,V2V-Base,5,0,2.0,5,43,0.488984
A,V2V-Base,5,0,2.0,5,44,0.461459
A,Random-K,5,0,2.0,5,42,0.114462
A,Random-K,5,0,2.0,5,43,0.126199
A,Random-K,5,0,2.0,5,44,0.132877
A,RILP,5,0,3.0,5,42,0.589433
A,RILP,5,0,3.0,5,43,0.607182
A,RILP,5,0,3.0,5,44,0.579657
A,RILP-Greedy,5,0,3.0,5,42,0.571703
A,RILP-Greedy,5,0,3.0,5,43,0.589452
A,RILP-Greedy,5,0,3.0,5,44,0.561927
A,Nam2023b,5,0,3.0,5,42,0.530334
A,Nam2023b,5,0,3.0,5,43,0.548083
A,Nam2023b,5,0,3.0,5,44,0.520558
A,Nam2025,5,0,3.0,5,42,0.518514
A,Nam2025,5,0,3.0,5,43,0.536263
A,Nam2025,5,0,3.0,5,44,0.508738
A,Youn2026,5,0,3.0,5,42,0.542154
A,Youn2026,5,0,3.0,5,43,0.559903
A,Youn2026,5,0,3.0,5,44,0.532377
A,V2I-Base,5,0,3.0,5,42,0.559884
A,V2I-Base,5,0,3.0,5,43,0.577632
A,V2I-Base,5,0,3.0,5,44,0.550107
A,V2V-Base,5,0,3.0,5,42,0.471235
A,V2V-Base,5,0,3.0,5,43,0.488984
A,V2V-Base,5,0,3.0,5,44,0.461459
A,Random-K,5,0,3.0,5,42,0.114462
A,Random-K,5,0,3.0,5,43,0.126199
A,Random-K,5,0,3.0,5,44,0.132877
A,RILP,5,10,0.0,5,42,0.573226
A,RILP,5,10,0.0,5,43,0.590975
A,RILP,5,10,0.0,5,44,0.56345
A,RILP-Greedy,5,10,0.0,5,42,0.553876
A,RILP-Greedy,5,10,0.0,5,43,0.571625
A,RILP-Greedy,5,10,0.0,5,44,0.544099
A,Nam2023b,5,10,0.0,5,42,0.517368
A,Nam2023b,5,10,0.0,5,43,0.535117
A,Nam2023b,5,10,0.0,5,44,0.507592
A,Nam2025,5,10,0.0,5,42,0.502307
A,Nam2025,5,10,0.0,5,43,0.520056
A,Nam2025,5,10,0.0,5,44,0.492531
A,Youn2026,5,10,0.0,5,42,0.527568
A,Youn2026,5,10,0.0,5,43,0.545316
A,Youn2026,5,10,0.0,5,44,0.517791
A,V2I-Base,5,10,0.0,5,42,0.553401
A,V2I-Base,5,10,0.0,5,43,0.57115
A,V2I-Base,5,10,0.0,5,44,0.543624
A,V2V-Base,5,10,0.0,5,42,0.461511
A,V2V-Base,5,10,0.0,5,43,0.47926
A,V2V-Base,5,10,0.0,5,44,0.451734
A,Random-K,5,10,0.0,5,42,0.114462
A,Random-K,5,10,0.0,5,43,0.126199
A,Random-K,5,10,0.0,5,44,0.132877
A,RILP,5,10,1.0,5,42,0.573226
A,RILP,5,10,1.0,5,43,0.590975
A,RILP,5,10,1.0,5,44,0.56345
A,RILP-Greedy,5,10,1.0,5,42,0.553876
A,RILP-Greedy,5,10,1.0,5,43,0.571625
A,RILP-Greedy,5,10,1.0,5,44,0.544099
A,Nam2023b,5,10,1.0,5,42,0.517368
A,Nam2023b,5,10,1.0,5,43,0.535117
A,Nam2023b,5,10,1.0,5,44,0.507592
A,Nam2025,5,10,1.0,5,42,0.502307
A,Nam2025,5,10,1.0,5,43,0.520056
A,Nam2025,5,10,1.0,5,44,0.492531
A,Youn2026,5,10,1.0,5,42,0.527568
A,Youn2026,5,10,1.0,5,43,0.545316
A,Youn2026,5,10,1.0,5,44,0.517791
A,V2I-Base,5,10,1.0,5,42,0.553401
A,V2I-Base,5,10,1.0,5,43,0.57115
A,V2I-Base,5,10,1.0,5,44,0.543624
A,V2V-Base,5,10,1.0,5,42,0.461511
A,V2V-Base,5,10,1.0,5,43,0.47926
A,V2V-Base,5,10,1.0,5,44,0.451734
A,Random-K,5,10,1.0,5,42,0.114462
A,Random-K,5,10,1.0,5,43,0.126199
A,Random-K,5,10,1.0,5,44,0.132877
A,RILP,5,10,2.0,5,42,0.573226
A,RILP,5,10,2.0,5,43,0.590975
A,RILP,5,10,2.0,5,44,0.56345
A,RILP-Greedy,5,10,2.0,5,42,0.553876
A,RILP-Greedy,5,10,2.0,5,43,0.571625
A,RILP-Greedy,5,10,2.0,5,44,0.544099
A,Nam2023b,5,10,2.0,5,42,0.517368
A,Nam2023b,5,10,2.0,5,43,0.535117
A,Nam2023b,5,10,2.0,5,44,0.507592
A,Nam2025,5,10,2.0,5,42,0.502307
A,Nam2025,5,10,2.0,5,43,0.520056
A,Nam2025,5,10,2.0,5,44,0.492531
A,Youn2026,5,10,2.0,5,42,0.527568
A,Youn2026,5,10,2.0,5,43,0.545316
A,Youn2026,5,10,2.0,5,44,0.517791
A,V2I-Base,5,10,2.0,5,42,0.553401
A,V2I-Base,5,10,2.0,5,43,0.57115
A,V2I-Base,5,10,2.0,5,44,0.543624
A,V2V-Base,5,10,2.0,5,42,0.461511
A,V2V-Base,5,10,2.0,5,43,0.47926
A,V2V-Base,5,10,2.0,5,44,0.451734
A,Random-K,5,10,2.0,5,42,0.114462
A,Random-K,5,10,2.0,5,43,0.126199
A,Random-K,5,10,2.0,5,44,0.132877
A,RILP,5,10,3.0,5,42,0.573226
A,RILP,5,10,3.0,5,43,0.590975
A,RILP,5,10,3.0,5,44,0.56345
A,RILP-Greedy,5,10,3.0,5,42,0.553876
A,RILP-Greedy,5,10,3.0,5,43,0.571625
A,RILP-Greedy,5,10,3.0,5,44,0.544099
A,Nam2023b,5,10,3.0,5,42,0.517368
A,Nam2023b,5,10,3.0,5,43,0.535117
A,Nam2023b,5,10,3.0,5,44,0.507592
A,Nam2025,5,10,3.0,5,42,0.502307
A,Nam2025,5,10,3.0,5,43,0.520056
A,Nam2025,5,10,3.0,5,44,0.492531
A,Youn2026,5,10,3.0,5,42,0.527568
A,Youn2026,5,10,3.0,5,43,0.545316
A,Youn2026,5,10,3.0,5,44,0.517791
A,V2I-Base,5,10,3.0,5,42,0.553401
A,V2I-Base,5,10,3.0,5,43,0.57115
A,V2I-Base,5,10,3.0,5,44,0.543624
A,V2V-Base,5,10,3.0,5,42,0.461511
A,V2V-Base,5,10,3.0,5,43,0.47926
A,V2V-Base,5,10,3.0,5,44,0.451734
A,Random-K,5,10,3.0,5,42,0.114462
A,Random-K,5,10,3.0,5,43,0.126199
A,Random-K,5,10,3.0,5,44,0.132877
A,RILP,5,20,0.0,5,42,0.557019
A,RILP,5,20,0.0,5,43,0.574768
A,RILP,5,20,0.0,5,44,0.547243
A,RILP-Greedy,5,20,0.0,5,42,0.536048
A,RILP-Greedy,5,20,0.0,5,43,0.553797
A,RILP-Greedy,5,20,0.0,5,44,0.526271
A,Nam2023b,5,20,0.0,5,42,0.504403
A,Nam2023b,5,20,0.0,5,43,0.522152
A,Nam2023b,5,20,0.0,5,44,0.494626
A,Nam2025,5,20,0.0,5,42,0.4861
A,Nam2025,5,20,0.0,5,43,0.503849
A,Nam2025,5,20,0.0,5,44,0.476324
A,Youn2026,5,20,0.0,5,42,0.512981
A,Youn2026,5,20,0.0,5,43,0.53073
A,Youn2026,5,20,0.0,5,44,0.503205
A,V2I-Base,5,20,0.0,5,42,0.546918
A,V2I-Base,5,20,0.0,5,43,0.564667
A,V2I-Base,5,20,0.0,5,44,0.537142
A,V2V-Base,5,20,0.0,5,42,0.451787
A,V2V-Base,5,20,0.0,5,43,0.469536
A,V2V-Base,5,20,0.0,5,44,0.44201
A,Random-K,5,20,0.0,5,42,0.114462
A,Random-K,5,20,0.0,5,43,0.126199
A,Random-K,5,20,0.0,5,44,0.132877
A,RILP,5,20,1.0,5,42,0.557019
A,RILP,5,20,1.0,5,43,0.574768
A,RILP,5,20,1.0,5,44,0.547243
A,RILP-Greedy,5,20,1.0,5,42,0.536048
A,RILP-Greedy,5,20,1.0,5,43,0.553797
A,RILP-Greedy,5,20,1.0,5,44,0.526271
A,Nam2023b,5,20,1.0,5,42,0.504403
A,Nam2023b,5,20,1.0,5,43,0.522152
A,Nam2023b,5,20,1.0,5,44,0.494626
A,Nam2025,5,20,1.0,5,42,0.4861
A,Nam2025,5,20,1.0,5,43,0.503849
A,Nam2025,5,20,1.0,5,44,0.476324
A,Youn2026,5,20,1.0,5,42,0.512981
A,Youn2026,5,20,1.0,5,43,0.53073
A,Youn2026,5,20,1.0,5,44,0.503205
A,V2I-Base,5,20,1.0,5,42,0.546918
A,V2I-Base,5,20,1.0,5,43,0.564667
A,V2I-Base,5,20,1.0,5,44,0.537142
A,V2V-Base,5,20,1.0,5,42,0.451787
A,V2V-Base,5,20,1.0,5,43,0.469536
A,V2V-Base,5,20,1.0,5,44,0.44201
A,Random-K,5,20,1.0,5,42,0.114462
A,Random-K,5,20,1.0,5,43,0.126199
A,Random-K,5,20,1.0,5,44,0.132877
A,RILP,5,20,2.0,5,42,0.557019
A,RILP,5,20,2.0,5,43,0.574768
A,RILP,5,20,2.0,5,44,0.547243
A,RILP-Greedy,5,20,2.0,5,42,0.536048
A,RILP-Greedy,5,20,2.0,5,43,0.553797
A,RILP-Greedy,5,20,2.0,5,44,0.526271
A,Nam2023b,5,20,2.0,5,42,0.504403
A,Nam2023b,5,20,2.0,5,43,0.522152
A,Nam2023b,5,20,2.0,5,44,0.494626
A,Nam2025,5,20,2.0,5,42,0.4861
A,Nam2025,5,20,2.0,5,43,0.503849
A,Nam2025,5,20,2.0,5,44,0.476324
A,Youn2026,5,20,2.0,5,42,0.512981
A,Youn2026,5,20,2.0,5,43,0.53073
A,Youn2026,5,20,2.0,5,44,0.503205
A,V2I-Base,5,20,2.0,5,42,0.546918
A,V2I-Base,5,20,2.0,5,43,0.564667
A,V2I-Base,5,20,2.0,5,44,0.537142
A,V2V-Base,5,20,2.0,5,42,0.451787
A,V2V-Base,5,20,2.0,5,43,0.469536
A,V2V-Base,5,20,2.0,5,44,0.44201
A,Random-K,5,20,2.0,5,42,0.114462
A,Random-K,5,20,2.0,5,43,0.126199
A,Random-K,5,20,2.0,5,44,0.132877
A,RILP,5,20,3.0,5,42,0.557019
A,RILP,5,20,3.0,5,43,0.574768
A,RILP,5,20,3.0,5,44,0.547243
A,RILP-Greedy,5,20,3.0,5,42,0.536048
A,RILP-Greedy,5,20,3.0,5,43,0.553797
A,RILP-Greedy,5,20,3.0,5,44,0.526271
A,Nam2023b,5,20,3.0,5,42,0.504403
A,Nam2023b,5,20,3.0,5,43,0.522152
A,Nam2023b,5,20,3.0,5,44,0.494626
A,Nam2025,5,20,3.0,5,42,0.4861
A,Nam2025,5,20,3.0,5,43,0.503849
A,Nam2025,5,20,3.0,5,44,0.476324
A,Youn2026,5,20,3.0,5,42,0.512981
A,Youn2026,5,20,3.0,5,43,0.53073
A,Youn2026,5,20,3.0,5,44,0.503205
A,V2I-Base,5,20,3.0,5,42,0.546918
A,V2I-Base,5,20,3.0,5,43,0.564667
A,V2I-Base,5,20,3.0,5,44,0.537142
A,V2V-Base,5,20,3.0,5,42,0.451787
A,V2V-Base,5,20,3.0,5,43,0.469536
A,V2V-Base,5,20,3.0,5,44,0.44201
A,Random-K,5,20,3.0,5,42,0.114462
A,Random-K,5,20,3.0,5,43,0.126199
A,Random-K,5,20,3.0,5,44,0.132877
A,RILP,5,30,0.0,5,42,0.540812
A,RILP,5,30,0.0,5,43,0.558561
A,RILP,5,30,0.0,5,44,0.531035
A,RILP-Greedy,5,30,0.0,5,42,0.51822
A,RILP-Greedy,5,30,0.0,5,43,0.535969
A,RILP-Greedy,5,30,0.0,5,44,0.508444
A,Nam2023b,5,30,0.0,5,42,0.491437
A,Nam2023b,5,30,0.0,5,43,0.509186
A,Nam2023b,5,30,0.0,5,44,0.481661
A,Nam2025,5,30,0.0,5,42,0.469893
A,Nam2025,5,30,0.0,5,43,0.487642
A,Nam2025,5,30,0.0,5,44,0.460117
A,Youn2026,5,30,0.0,5,42,0.498395
A,Youn2026,5,30,0.0,5,43,0.516144
A,Youn2026,5,30,0.0,5,44,0.488618
A,V2I-Base,5,30,0.0,5,42,0.540435
A,V2I-Base,5,30,0.0,5,43,0.558184
A,V2I-Base,5,30,0.0,5,44,0.530659
A,V2V-Base,5,30,0.0,5,42,0.442062
A,V2V-Base,5,30,0.0,5,43,0.459811
A,V2V-Base,5,30,0.0,5,44,0.432286
A,Random-K,5,30,0.0,5,42,0.114462
A,Random-K,5,30,0.0,5,43,0.126199
A,Random-K,5,30,0.0,5,44,0.132877
A,RILP,5,30,1.0,5,42,0.540812
A,RILP,5,30,1.0,5,43,0.558561
A,RILP,5,30,1.0,5,44,0.531035
A,RILP-Greedy,5,30,1.0,5,42,0.51822
A,RILP-Greedy,5,30,1.0,5,43,0.535969
A,RILP-Greedy,5,30,1.0,5,44,0.508444
A,Nam2023b,5,30,1.0,5,42,0.491437
A,Nam2023b,5,30,1.0,5,43,0.509186
A,Nam2023b,5,30,1.0,5,44,0.481661
A,Nam2025,5,30,1.0,5,42,0.469893
A,Nam2025,5,30,1.0,5,43,0.487642
A,Nam2025,5,30,1.0,5,44,0.460117
A,Youn2026,5,30,1.0,5,42,0.498395
A,Youn2026,5,30,1.0,5,43,0.516144
A,Youn2026,5,30,1.0,5,44,0.488618
A,V2I-Base,5,30,1.0,5,42,0.540435
A,V2I-Base,5,30,1.0,5,43,0.558184
A,V2I-Base,5,30,1.0,5,44,0.530659
A,V2V-Base,5,30,1.0,5,42,0.442062
A,V2V-Base,5,30,1.0,5,43,0.459811
A,V2V-Base,5,30,1.0,5,44,0.432286
A,Random-K,5,30,1.0,5,42,0.114462
A,Random-K,5,30,1.0,5,43,0.126199
A,Random-K,5,30,1.0,5,44,0.132877
A,RILP,5,30,2.0,5,42,0.540812
A,RILP,5,30,2.0,5,43,0.558561
A,RILP,5,30,2.0,5,44,0.531035
A,RILP-Greedy,5,30,2.0,5,42,0.51822
A,RILP-Greedy,5,30,2.0,5,43,0.535969
A,RILP-Greedy,5,30,2.0,5,44,0.508444
A,Nam2023b,5,30,2.0,5,42,0.491437
A,Nam2023b,5,30,2.0,5,43,0.509186
A,Nam2023b,5,30,2.0,5,44,0.481661
A,Nam2025,5,30,2.0,5,42,0.469893
A,Nam2025,5,30,2.0,5,43,0.487642
A,Nam2025,5,30,2.0,5,44,0.460117
A,Youn2026,5,30,2.0,5,42,0.498395
A,Youn2026,5,30,2.0,5,43,0.516144
A,Youn2026,5,30,2.0,5,44,0.488618
A,V2I-Base,5,30,2.0,5,42,0.540435
A,V2I-Base,5,30,2.0,5,43,0.558184
A,V2I-Base,5,30,2.0,5,44,0.530659
A,V2V-Base,5,30,2.0,5,42,0.442062
A,V2V-Base,5,30,2.0,5,43,0.459811
A,V2V-Base,5,30,2.0,5,44,0.432286
A,Random-K,5,30,2.0,5,42,0.114462
A,Random-K,5,30,2.0,5,43,0.126199
A,Random-K,5,30,2.0,5,44,0.132877
A,RILP,5,30,3.0,5,42,0.540812
A,RILP,5,30,3.0,5,43,0.558561
A,RILP,5,30,3.0,5,44,0.531035
A,RILP-Greedy,5,30,3.0,5,42,0.51822
A,RILP-Greedy,5,30,3.0,5,43,0.535969
A,RILP-Greedy,5,30,3.0,5,44,0.508444
A,Nam2023b,5,30,3.0,5,42,0.491437
A,Nam2023b,5,30,3.0,5,43,0.509186
A,Nam2023b,5,30,3.0,5,44,0.481661
A,Nam2025,5,30,3.0,5,42,0.469893
A,Nam2025,5,30,3.0,5,43,0.487642
A,Nam2025,5,30,3.0,5,44,0.460117
A,Youn2026,5,30,3.0,5,42,0.498395
A,Youn2026,5,30,3.0,5,43,0.516144
A,Youn2026,5,30,3.0,5,44,0.488618
A,V2I-Base,5,30,3.0,5,42,0.540435
A,V2I-Base,5,30,3.0,5,43,0.558184
A,V2I-Base,5,30,3.0,5,44,0.530659
A,V2V-Base,5,30,3.0,5,42,0.442062
A,V2V-Base,5,30,3.0,5,43,0.459811
A,V2V-Base,5,30,3.0,5,44,0.432286
A,Random-K,5,30,3.0,5,42,0.114462
A,Random-K,5,30,3.0,5,43,0.126199
A,Random-K,5,30,3.0,5,44,0.132877
