episode,global_step,density,reward_per_sec_selected,reward_per_decision,mean_reward,mean_loss,grad_updates_total,grad_updates_this_episode,swap_count,mean_delta,mean_delta_actual,n_decisions,n_intervals_closed,mean_aoi,peak_aoi,mean_peak_aoi,packet_loss_rate,mean_error,max_error,low_speed_error,high_speed_error,avg_tx_power_dbm,total_energy_joules,jains_fairness_aoi,jains_fairness_err,tx_attempts,tx_fails,tx_abandoned,coverage_outage_rate,outage_vehicle_steps,total_vehicle_steps,mean_update_error,n_updates_delivered,dynamics_fallbacks,n_observations,n_vehicles_seen,mean_cbr,max_cbr
1,2000,5.0,-0.409369,-0.121651,-0.409369,0.2477,631,631,31,0.2413,0.2972,9781,9779,0.7037,9.0,0.3879,0.1531,0.2338,36.3665,0.4055,0.1948,10.9876,0.072464,0.6472,0.2676,11461,1755,0,0.284556,300340,1055468,0.0982,9706,0,38707,75,0.006433,0.02128
2,4000,10.0,-0.174263,-0.118632,-0.174263,0.3267,1407,776,70,0.8719,0.6808,11293,11292,9.9386,45.4,0.5853,0.1882,22.8349,406.4805,34.9749,19.6565,10.5096,0.070222,0.5601,0.2892,13690,2577,1,0.27452,606858,2210611,1.1055,11113,0,87856,179,0.00768,0.0336
3,6000,15.0,-0.006424,-0.178514,-0.006424,0.2517,1505,98,75,37.0344,27.7881,697,697,17.6693,45.5,35.6289,0.0979,51.6685,499.6754,63.1293,45.4874,10.5855,0.002299,0.8915,0.5614,439,43,0,0.258095,844855,3273429,145.6559,396,0,193882,301,0.000246,0.01904
4,8000,20.0,-0.00685,-0.190384,-0.00685,0.2409,1636,131,81,36.7007,27.7946,758,756,17.7142,45.6,35.5006,0.1265,55.0763,491.6127,61.8097,51.117,10.5155,0.002518,0.8952,0.5943,490,62,0,0.253073,1079899,4267141,144.2296,428,0,210349,330,0.000275,0.02128
5,10000,25.0,-0.007079,-0.204081,-0.007079,0.2303,1787,151,89,37.3409,28.8285,950,949,18.2381,45.8,36.6258,0.1628,56.4943,489.1793,61.0377,53.1485,10.4795,0.003462,0.89,0.6081,682,111,0,0.248733,1331759,5354165,148.6934,571,0,273925,378,0.000382,0.03696
6,12000,30.0,-0.0065,-0.192302,-0.0065,0.2369,1940,153,97,36.9582,29.5843,958,956,18.3973,45.5,35.8883,0.1971,42.2286,444.8836,44.5297,40.0498,10.4684,0.003905,0.9131,0.5784,771,152,0,0.287349,1744107,6069646,108.6458,619,0,283260,337,0.000432,0.04368
7,14000,35.0,-0.006586,-0.198557,-0.006586,0.2364,2106,166,105,37.2697,30.1474,948,948,18.5034,45.6,36.1256,0.1823,43.2751,627.8558,37.4823,48.8068,10.5218,0.00389,0.9089,0.5735,757,138,0,0.300652,1913418,6364224,104.4073,619,0,286222,329,0.000424,0.03808
8,16000,5.0,-0.005074,-0.128274,-0.005074,0.2367,2158,52,107,37.8176,25.2812,170,170,17.3344,45.4,36.8828,0.1183,39.1935,429.5061,57.0752,35.4888,10.5011,0.000472,0.8473,0.4151,93,11,0,0.288268,298852,1036717,136.5548,82,0,42996,88,5.2e-05,0.00448
9,18000,10.0,-0.00551,-0.141823,-0.00551,0.2346,2241,83,112,36.7315,25.7372,368,368,17.163,45.5,34.6121,0.1652,45.7486,532.4821,64.0724,40.9088,10.4448,0.001129,0.881,0.5175,224,37,0,0.275959,585137,2120375,133.4446,187,0,94763,181,0.000125,0.0168
10,20000,15.0,-0.005723,-0.15636,-0.005723,0.2298,2334,93,116,36.9065,27.3224,551,550,17.5814,45.6,34.8471,0.1314,43.4204,514.4702,62.7593,35.6784,10.4902,0.001787,0.882,0.5016,350,46,0,0.265247,851753,3211165,132.4483,304,0,150410,247,0.000197,0.01568
11,22000,20.0,-0.006859,-0.189865,-0.006859,0.2337,2458,124,122,37.5284,27.6795,679,679,17.6948,45.6,36.0225,0.1277,56.9988,525.9776,62.5505,54.3501,10.5954,0.002217,0.8981,0.5531,423,54,0,0.255925,1069483,4178887,160.5344,369,0,188099,310,0.000237,0.02576
12,24000,25.0,-0.007163,-0.208034,-0.007163,0.2437,2597,139,129,36.4676,29.0438,915,915,18.0709,45.8,35.1724,0.1265,56.4083,471.0467,57.7284,55.3906,10.5309,0.003384,0.9162,0.5705,656,83,0,0.251857,1334865,5300085,141.3028,573,0,266125,342,0.000368,0.03248
13,26000,30.0,-0.006726,-0.195967,-0.006726,0.2358,2751,154,137,37.3682,29.138,1043,1043,18.2891,45.5,35.7927,0.1571,45.895,410.6845,46.3568,45.5125,10.5426,0.003941,0.8972,0.5967,764,120,0,0.292157,1749001,5986517,121.6105,644,0,304334,399,0.000428,0.0392
14,28000,35.0,-0.006378,-0.193463,-0.006378,0.2274,2920,169,146,37.2724,30.3329,1131,1131,18.4388,45.7,35.9049,0.1792,41.5278,431.148,38.6761,45.1084,10.4738,0.004592,0.9167,0.6092,904,162,0,0.291508,1839035,6308693,103.6838,742,0,343605,388,0.000507,0.05488
15,30000,5.0,-0.005165,-0.133172,-0.005165,0.2278,2973,53,148,37.2181,25.7829,158,158,16.6984,45.3,34.2536,0.0952,43.3959,454.4903,56.0764,40.8396,10.5436,0.000434,0.8536,0.4357,84,8,0,0.288108,305625,1060801,128.5194,76,0,40752,82,4.7e-05,0.0056
16,32000,10.0,-0.005035,-0.131347,-0.005035,0.2299,3040,67,152,37.0033,26.0855,307,303,17.1447,45.3,34.2831,0.1145,38.4916,446.6318,52.6181,34.473,10.4616,0.000838,0.8767,0.41,166,19,0,0.279222,583733,2090573,113.6446,147,0,79080,158,9.3e-05,0.0112
17,34000,15.0,-0.006317,-0.18304,-0.006317,0.2221,3145,105,157,37.049,28.9745,664,664,18.084,45.4,35.9553,0.1055,50.5138,434.3967,59.5493,46.3764,10.5164,0.002238,0.9161,0.5677,436,46,0,0.26183,893414,3412196,132.7061,390,0,192600,274,0.000244,0.02464
18,36000,20.0,-0.005963,-0.164654,-0.005963,0.2333,3271,126,163,37.4815,27.6107,720,719,17.7613,45.5,35.6738,0.1096,47.2519,475.1116,60.6903,40.0047,10.5487,0.002322,0.8831,0.4838,447,49,0,0.244333,1086540,4446960,134.0556,398,0,198726,321,0.000251,0.028
19,38000,25.0,-0.006838,-0.199571,-0.006838,0.2201,3420,149,171,36.8485,29.1872,976,976,18.1239,45.5,34.9281,0.157,52.5608,535.1089,58.1467,48.2359,10.4913,0.003772,0.9123,0.5892,739,116,0,0.250556,1324500,5286233,134.3394,623,0,285288,353,0.000414,0.03472
20,40000,30.0,-0.007208,-0.214944,-0.007208,0.2216,3589,169,179,37.5224,29.8222,1032,1032,18.3956,45.6,36.2094,0.1781,49.9102,458.5144,49.3165,50.3756,10.5088,0.004027,0.9224,0.6153,786,140,0,0.280871,1712675,6097722,122.831,646,0,308196,386,0.00044,0.05936
21,42000,35.0,-0.007024,-0.210691,-0.007024,0.2355,3756,167,187,38.0913,29.9962,1025,1025,18.445,45.8,36.299,0.177,51.8661,543.7987,55.1502,49.3622,10.4752,0.003943,0.9072,0.5982,774,137,0,0.298926,1889257,6320160,136.9546,637,0,307880,388,0.000435,0.04032
22,44000,5.0,-0.004985,-0.134546,-0.004985,0.2338,3816,60,190,37.0365,26.9879,199,199,17.568,45.4,35.5336,0.1148,37.8152,432.1236,53.919,33.3818,10.4915,0.000625,0.9138,0.5165,122,14,0,0.288355,296233,1027321,124.6348,108,0,53749,91,6.8e-05,0.00784
23,46000,10.0,-0.005131,-0.140048,-0.005131,0.2262,3892,76,194,37.8773,27.2933,346,345,17.4522,45.5,36.0981,0.149,40.4725,447.8537,56.6804,35.5015,10.445,0.001048,0.8838,0.4951,208,31,0,0.275622,613383,2225447,134.4301,177,0,94221,169,0.000116,0.01456
24,48000,15.0,-0.005866,-0.160112,-0.005866,0.2353,3982,90,199,36.8482,27.2947,454,454,17.4103,45.4,35.5695,0.1203,48.8105,466.015,74.0737,43.0385,10.4324,0.001346,0.8962,0.501,266,32,0,0.268667,836330,3112883,144.8452,234,0,123985,220,0.00015,0.02128
25,50000,20.0,-0.007072,-0.199963,-0.007072,0.2335,4113,131,205,37.1416,28.2744,754,753,17.7181,45.6,35.7209,0.1201,55.1776,497.157,64.5363,50.1063,10.4861,0.002466,0.8968,0.5758,483,58,0,0.259545,1105101,4257836,153.7496,425,0,213128,328,0.000272,0.0336
26,52000,25.0,-0.006812,-0.198651,-0.006812,0.2331,4267,154,213,36.9433,29.1598,975,975,17.9989,45.5,35.7015,0.1701,47.7011,453.756,48.1457,47.3349,10.5278,0.003728,0.9204,0.5964,723,123,0,0.258908,1400077,5407614,123.8332,600,0,284693,375,0.000405,0.0336
27,54000,30.0,-0.007109,-0.210052,-0.007109,0.2318,4431,164,221,37.6648,29.547,1011,1010,18.3219,45.6,36.2693,0.1811,53.579,488.0248,60.6705,47.6971,10.576,0.00398,0.9204,0.63,762,138,0,0.291878,1787131,6122872,143.0278,624,0,298832,386,0.000427,0.04928
28,56000,35.0,-0.006832,-0.202743,-0.006832,0.2349,4587,156,229,37.2286,29.6772,948,947,18.2839,45.4,35.485,0.1896,44.3286,481.9336,42.0281,46.2778,10.5646,0.003901,0.8965,0.5874,749,142,0,0.299522,1869816,6242668,110.7505,607,0,281453,340,0.00042,0.04032
29,58000,5.0,-0.004995,-0.136297,-0.004995,0.2327,4642,55,232,38.6833,27.2863,146,146,17.4169,45.5,36.6728,0.1358,41.6743,503.9232,77.1343,32.2278,10.7024,0.000437,0.8672,0.4554,81,11,0,0.28947,286033,988127,152.7013,70,0,39851,76,4.5e-05,0.00224
30,60000,10.0,-0.005604,-0.150952,-0.005604,0.2343,4721,79,236,38.2097,26.9384,353,352,17.7244,45.4,36.6439,0.0969,47.8392,484.0821,68.0611,41.5002,10.6006,0.00103,0.883,0.5364,196,19,0,0.277396,626591,2258833,140.3613,177,0,94868,176,0.00011,0.00896
31,62000,15.0,-0.005681,-0.158548,-0.005681,0.2423,4824,103,241,37.9687,27.9073,574,574,17.9215,45.4,36.5302,0.1192,46.5375,486.1198,64.2303,38.0493,10.4407,0.001733,0.8863,0.4882,344,41,0,0.26359,875334,3320821,134.9442,303,0,160324,271,0.000193,0.02464
32,64000,20.0,-0.007155,-0.206854,-0.007155,0.2302,4950,126,247,37.4876,28.9096,840,840,18.012,45.6,36.0072,0.1199,57.3271,496.7968,63.2429,53.6335,10.4635,0.002827,0.9039,0.627,559,67,0,0.246425,1030372,4181281,153.0225,492,0,243126,348,0.000313,0.03024
33,66000,25.0,-0.006881,-0.200423,-0.006881,0.2369,5099,149,254,37.3078,29.1254,914,914,18.0522,45.6,35.5969,0.174,52.04,529.0039,50.9285,52.939,10.4917,0.003464,0.9099,0.5439,678,118,0,0.254496,1352072,5312747,132.6858,560,0,266532,354,0.000381,0.0336
34,68000,30.0,-0.006913,-0.203612,-0.006913,0.2362,5257,158,262,37.011,29.4521,965,965,18.2907,45.7,35.7373,0.1871,44.5408,486.4228,44.8915,44.23,10.5134,0.003893,0.8937,0.6127,759,142,0,0.276424,1654110,5983964,111.3074,617,0,284628,348,0.000425,0.04816
35,70000,35.0,-0.00694,-0.20158,-0.00694,0.2398,5420,163,271,36.5393,29.0469,1071,1069,18.1004,45.6,35.2897,0.1606,44.802,468.0936,43.2576,46.2452,10.4358,0.004145,0.8837,0.591,822,132,0,0.294028,1884431,6409020,107.8554,690,0,310985,380,0.000462,0.05152
36,72000,5.0,-0.004844,-0.124246,-0.004844,0.2434,5479,59,273,36.8045,25.65,200,200,16.8173,45.6,34.73,0.1182,35.3869,421.7477,43.0593,33.3654,10.674,0.000588,0.857,0.4342,110,13,0,0.285455,332371,1164357,120.2268,97,0,51322,103,6.2e-05,0.00336
37,74000,10.0,-0.004574,-0.121113,-0.004574,0.2259,5556,77,277,37.0091,26.4798,327,327,17.3389,45.5,35.1176,0.1347,32.7413,426.307,45.2231,30.2614,10.4663,0.000976,0.8832,0.4415,193,26,0,0.270145,585000,2165503,120.0334,167,0,86636,160,0.000108,0.0112
38,76000,15.0,-0.005255,-0.147711,-0.005255,0.2269,5645,89,282,37.8943,28.1074,513,512,17.7311,45.5,36.1039,0.1213,36.9721,429.4433,43.8225,34.7018,10.4401,0.001536,0.8973,0.4564,305,37,0,0.263482,852205,3234399,109.48,268,0,144018,244,0.000171,0.02464
39,78000,20.0,-0.006827,-0.192073,-0.006827,0.2237,5768,123,288,37.2121,28.1328,806,804,17.6755,45.7,35.6514,0.1415,53.8336,431.7108,56.0094,52.4335,10.4814,0.002732,0.892,0.564,537,76,0,0.255238,1098962,4305636,141.2677,461,0,226445,344,0.000301,0.0224
40,80000,25.0,-0.006911,-0.197924,-0.006911,0.2346,5918,150,295,36.6471,28.6405,1042,1042,18.0102,45.5,35.2294,0.139,50.4762,493.8948,51.4844,49.6626,10.5283,0.003769,0.9107,0.6184,734,102,0,0.244015,1317148,5397817,131.8807,632,0,298848,410,0.000411,0.04704
