Episode,Global_Step,REMO-DQN,w/o ResNet,w/o MoE,w/o Dueling,w/o R1,w/o R2,w/o R3
1,2000,-926260.4455966464,-926138.0610143694,-926247.1562111074,-926291.1903550978,-925138.4455966464,-865929.2455966464,-921260.4455966464
2,4000,-932810.5608737986,-932811.0241716217,-908018.6476479358,-1014833.5043889728,-931691.5608737986,-872335.7608737985,-927810.5608737986
3,6000,-921051.9789662432,-919259.7035661442,-1027751.9171351132,-1009367.429436851,-919953.7789662433,-704571.1789662432,-916051.9789662432
4,8000,-939204.3574661048,-896787.8619265971,-998781.7541833308,-896790.1715006223,-938069.3574661048,-880715.7574661048,-934204.3574661048
5,10000,-966093.5416089478,-919772.0576890904,-1012044.3266433248,-1029241.1368229452,-964959.7416089477,-915637.5416089478,-961093.5416089478
6,12000,-929492.9550920152,-1036349.4373033711,-927331.001145502,-929505.7914669078,-928390.7550920153,-892238.5550920152,-924492.9550920152
7,14000,-919974.4261669616,-918066.6863681816,-918063.4510133069,-973021.3882855668,-918876.2261669616,-887507.4261669616,-914974.4261669616
8,16000,-941208.058882538,-896261.0753007398,-941202.1912317108,-963561.0987607175,-940069.858882538,-714230.858882538,-936208.058882538
9,18000,-917788.3518527676,-1027416.7649100544,-965340.2921288478,-920068.5807856906,-916689.5518527676,-880923.7518527677,-912788.3518527676
10,20000,-1011350.9019772004,-905605.4678838226,-1011388.1910653628,-1011378.2858227236,-1010185.3019772004,-901875.9019772004,-1006350.9019772004
11,22000,-875639.7690067391,-918269.2388647028,-918269.4127888904,-919380.0555969202,-874535.7690067391,-668315.169006739,-870639.7690067391
12,24000,-896338.145160241,-896341.5837550135,-942160.7449320444,-941877.6232766014,-895238.5451602411,-864538.5451602411,-891338.145160241
13,26000,-874965.7774905281,-877770.598998466,-874971.1105243872,-920409.0193107142,-873863.977490528,-843848.1774905281,-869965.7774905281
14,28000,-917833.3301226884,-919415.6315190564,-919418.7629391165,-919418.694728811,-916736.7301226885,-885007.7301226885,-912833.3301226884
15,30000,-943580.5719143652,-900540.7764568585,-901173.6593791824,-901196.25979448,-942442.1719143651,-894337.5719143652,-938580.5719143652
16,32000,-1007777.519502744,-946856.1164759104,-901238.7943160706,-932033.459535614,-1006610.519502744,-911554.3195027439,-1002777.519502744
17,34000,-1100941.9277031654,-1030422.1070290284,-983936.0048110863,-1080764.0782231132,-1099780.9277031654,-1003907.3277031655,-1095941.9277031654
18,36000,-932905.6083236192,-978559.5360682146,-1032023.1182100668,-978557.8150745456,-931807.0083236193,-899395.0083236193,-927905.6083236192
19,38000,-922502.7468591898,-920589.194699858,-922507.0463297656,-920588.4117138904,-921402.5468591899,-890059.7468591898,-917502.7468591898
20,40000,-970279.5683850512,-1035031.1251909632,-970268.8648446896,-1026993.6393296744,-969147.9683850512,-920263.7683850512,-965279.5683850512
21,42000,-896767.4730384058,-896751.6865117983,-898874.0158014667,-944024.0874882012,-895673.2730384058,-683624.0730384057,-891767.4730384058
22,44000,-943333.499280993,-1055084.4039870205,-997985.0735477626,-949459.812476568,-942237.2992809931,-910759.899280993,-938333.499280993
23,46000,-960427.861775499,-960427.0696611428,-1011795.1587167298,-1075073.074642692,-959338.261775499,-921769.4617754989,-955427.861775499
24,48000,-867506.7908676716,-867492.9884746342,-909860.7218179512,-872657.0835829772,-866405.5908676716,-654891.9908676716,-862506.7908676716
25,50000,-1011658.6903824336,-903980.1383047207,-903989.5713978416,-903986.9655389544,-1010492.2903824336,-915380.0903824336,-1006658.6903824336
26,52000,-956073.4450110908,-956078.4526724992,-909604.9622124314,-912092.7438230256,-954936.8450110909,-898119.6450110908,-951073.4450110908
27,54000,-890795.4593910328,-934009.6642465934,-890800.0549220969,-892054.6604184092,-889694.6593910328,-858149.6593910328,-885795.4593910328
28,56000,-904375.4712798444,-906063.729791352,-950104.6857324346,-904569.3366789672,-903279.0712798444,-870653.4712798444,-899375.4712798444
29,58000,-959374.9653937916,-902460.8924820648,-862333.3570831353,-897673.7066158924,-958206.7653937916,-703501.1653937916,-954374.9653937916
30,60000,-947924.703485234,-947909.6277285472,-998369.2787899696,-947918.3270015646,-946830.703485234,-916357.703485234,-942924.703485234
31,62000,-958885.4514130916,-1010370.905441154,-1004085.8878292984,-961385.4960361233,-957793.4514130916,-746049.0514130916,-953885.4514130916
32,64000,-902724.6417281412,-902709.2432775326,-1008916.3781098071,-906473.8572096118,-901627.0417281413,-869627.2417281412,-897724.6417281412
33,66000,-946363.6639798807,-946360.5541581291,-946361.3982142116,-958598.1993270068,-945269.2639798807,-736321.2639798807,-941363.6639798807
34,68000,-891818.8064381094,-993463.2930444618,-891822.3304707748,-961342.802200372,-890716.6064381094,-853653.6064381094,-886818.8064381094
35,70000,-962192.2646278222,-962183.4533414209,-916600.478520788,-957546.8465371776,-961055.4646278222,-911520.8646278222,-957192.2646278222
36,72000,-997537.3084364852,-1063210.844490518,-1062868.8676582442,-1063217.7271637218,-996403.3084364852,-947756.1084364853,-992537.3084364852
37,74000,-958333.557646949,-958330.4362198632,-949217.4876954248,-911279.964752226,-957198.957646949,-908203.1576469489,-953333.557646949
38,76000,-905445.9172891591,-907774.7532528136,-907773.7063824496,-980929.7172304068,-904346.5172891591,-692709.3172891592,-900445.9172891591
39,78000,-930636.0407411052,-930634.5452614756,-937790.8784949012,-1040793.4559810044,-929542.2407411052,-891037.8407411053,-925636.0407411052
40,80000,-938493.7639687776,-997532.9071518033,-938498.9426865078,-893176.1299028195,-937355.1639687776,-712661.1639687776,-933493.7639687776
41,82000,-931762.8192736648,-931751.3472187473,-990558.6235754596,-889202.0209132539,-930624.2192736649,-882067.6192736649,-926762.8192736648
42,84000,-922380.3128763929,-925050.2171484052,-955182.4527037712,-922399.7536377086,-921285.9128763928,-890094.1128763929,-917380.3128763929
43,86000,-1059841.844877726,-994305.1769975444,-994305.9840138156,-994311.6004078093,-1058677.444877726,-963381.4448777259,-1054841.844877726
44,88000,-1066839.9407473062,-948479.5512026576,-948483.0674104524,-950693.3575156038,-1065676.9407473062,-969955.3407473062,-1061839.9407473062
45,90000,-938328.2855778546,-940352.9481827876,-938334.24368677,-987768.9474142136,-937235.2855778546,-905684.0855778547,-933328.2855778546
46,92000,-1031287.9630987614,-967884.6460097382,-921220.9398539928,-967883.9411012356,-1030123.5630987614,-934692.7630987614,-1026287.9630987614
47,94000,-963821.098628255,-916617.1587820804,-918917.4475868212,-1025899.722399153,-962684.898628255,-735682.2986282549,-958821.098628255
48,96000,-981843.7420747596,-879763.9505025164,-981840.414759964,-879765.123020031,-980676.7420747596,-885466.5420747595,-976843.7420747596
49,98000,-1010907.5360498214,-902311.4868655222,-950109.7883609273,-932545.3290695028,-1009741.1360498214,-914417.7360498214,-1005907.5360498214
50,100000,-944324.3805032222,-993731.472647855,-992709.4316213824,-1060185.4377396023,-943233.9805032222,-910539.1805032223,-939324.3805032222
51,102000,-904985.2495440792,-902760.0454801256,-902761.470936798,-948129.1864671428,-903883.2495440792,-866800.4495440791,-899985.2495440792
52,104000,-904104.6722822628,-906235.1469050643,-951021.4463214718,-904097.745236413,-903008.4722822629,-871845.0722822628,-899104.6722822628
53,106000,-885867.5797566442,-885858.312650798,-991135.595415786,-888292.5431493137,-884768.9797566442,-671588.5797566442,-880867.5797566442
54,108000,-951901.8798670182,-951894.1048619202,-1064765.3615176529,-952205.6856316928,-950805.4798670182,-739644.8798670182,-946901.8798670182
55,110000,-938770.31548258,-986376.3075746596,-936632.3354021412,-999731.5946502374,-937676.71548258,-905459.11548258,-933770.31548258
56,112000,-927468.202317078,-971791.2673908772,-927464.8706830088,-931604.8784143298,-926370.402317078,-714474.802317078,-922468.202317078
57,114000,-913628.36308702,-915653.8805789418,-913638.7657065556,-960606.4061176904,-912531.36308702,-876255.56308702,-908628.36308702
58,116000,-899809.0875556368,-858108.4148434775,-859829.761056939,-943879.3355399392,-898669.6875556367,-849910.0875556368,-894809.0875556368
59,118000,-896948.5790824548,-941737.8999658016,-899029.277996574,-897347.6888836697,-895849.3790824548,-864484.5790824548,-891948.5790824548
60,120000,-870595.7927703613,-870601.3527871562,-915807.3438331892,-902624.9351566248,-869494.3927703613,-838970.7927703613,-865595.7927703613
61,122000,-941505.0847560848,-1000546.8086469627,-898159.9513892073,-943935.0562151722,-940365.2847560848,-714520.2847560848,-936505.0847560848
62,124000,-898281.6703800658,-900677.2196303724,-971206.2135385912,-936363.860701798,-897183.4703800658,-866046.2703800658,-893281.6703800658
63,126000,-959355.7220003596,-1008086.4892556884,-1047478.2195847426,-957436.2309103336,-958265.9220003595,-747794.7220003596,-954355.7220003596
64,128000,-927973.3831056393,-925856.9731200858,-925862.3483381128,-962602.8670990996,-926877.3831056393,-712484.1831056393,-922973.3831056393
65,130000,-964310.0561886632,-1014668.2330510248,-966839.6189216386,-966835.083057248,-963217.2561886632,-750778.2561886632,-959310.0561886632
66,132000,-992698.7631996272,-889565.681458993,-889555.8606659491,-887609.9549714783,-991531.5631996272,-883678.1631996272,-987698.7631996272
67,134000,-890897.7571590946,-996760.4972666492,-996771.9381577668,-936759.4092881064,-889798.5571590946,-853212.7571590946,-885897.7571590946
68,136000,-881011.523747746,-881000.2073647538,-926673.5041638408,-881006.4650482658,-879909.3237477461,-844744.923747746,-876011.523747746
69,138000,-884639.3088581729,-882479.2311609366,-882471.5311542071,-982278.530092272,-883533.9088581728,-674121.9088581728,-879639.3088581729
70,140000,-941072.4001487864,-941067.5519766732,-897625.4568551248,-895440.9598666524,-939934.2001487864,-890893.0001487863,-936072.4001487864
71,142000,-1059662.470606764,-945733.2320561678,-947873.4811903676,-979579.203631697,-1058497.470606764,-950463.4706067641,-1054662.470606764
72,144000,-915055.4868202852,-915061.4894144356,-915060.3888948424,-962788.5527074938,-913959.4868202852,-882829.2868202853,-910055.4868202852
73,146000,-859723.4146196345,-861500.7232454893,-959993.917291812,-861075.3734877523,-858623.6146196345,-826940.6146196345,-854723.4146196345
74,148000,-959114.8697474278,-912561.643750093,-1019477.6170845884,-959962.0594793038,-957975.8697474278,-901417.2697474278,-954114.8697474278
75,150000,-918439.263645998,-961258.0908025728,-961259.6531640772,-918455.578148974,-917336.863645998,-704372.263645998,-913439.263645998
76,152000,-894469.2041716039,-940581.2763771666,-1000659.039831473,-894459.6919511736,-893370.8041716039,-855969.8041716039,-889469.2041716039
77,154000,-853079.5884064961,-855532.4931478673,-895650.6617148774,-858673.3165999632,-851974.9884064961,-640423.388406496,-848079.5884064961
78,156000,-880012.0585086903,-877658.9250329541,-880009.0349790168,-877660.2796216229,-878908.8585086904,-842048.0585086903,-875012.0585086903
79,158000,-855484.9544941408,-853689.589528788,-853694.3785404959,-950842.5485141427,-854379.3544941408,-642778.5544941408,-850484.9544941408
80,160000,-850665.0950059118,-949014.0677346018,-850671.1471335337,-891852.7917550282,-849562.2950059117,-819196.2950059117,-845665.0950059118
81,162000,-936870.5453385812,-939024.4140447862,-985074.4695491056,-1048497.0498746368,-935773.9453385812,-904438.1453385812,-931870.5453385812
82,164000,-864566.2824921838,-904969.4680855968,-862694.8352006644,-904791.7579013056,-863462.0824921839,-826125.6824921839,-859566.2824921838
83,166000,-928984.1703142652,-928988.9605471608,-886332.6796427123,-910865.1306741956,-927846.7703142652,-869970.7703142652,-923984.1703142652
84,168000,-912688.1474660118,-912685.0569735433,-1022660.7852834004,-912677.9348818436,-911590.9474660119,-875680.1474660118,-907688.1474660118
85,170000,-937822.6033045092,-893490.6481951374,-940401.8283821896,-982138.001403822,-936683.0033045092,-880745.8033045091,-932822.6033045092
86,172000,-868888.2761979796,-870976.4266123635,-868887.5374133962,-868885.0605605242,-867787.8761979796,-830334.4761979795,-863888.2761979796
87,174000,-922321.3258655168,-981431.9960173966,-977407.8520144868,-879855.7418815473,-921182.7258655168,-864367.5258655167,-917321.3258655168
88,176000,-924496.5008542392,-983871.241831146,-882711.8547066891,-880923.8351430626,-923360.1008542392,-865676.9008542392,-919496.5008542392
89,178000,-851435.1028769348,-849555.5524583338,-849547.1236722375,-890313.1971437087,-850330.1028769348,-637566.1028769348,-846435.1028769348
90,180000,-1060602.120733722,-947702.2698568716,-947889.0699537538,-947704.1976621272,-1059437.120733722,-964315.9207337222,-1055602.120733722
91,182000,-874966.1226545695,-877186.1192737705,-920292.7275227978,-891804.021136635,-873868.7226545694,-662250.5226545695,-869966.1226545695
92,184000,-919068.9304518818,-1029038.3603075872,-966196.936586233,-919074.7784535764,-917972.5304518818,-708081.7304518819,-914068.9304518818
93,186000,-925151.3772629777,-972947.8257488076,-925160.7147647291,-1029204.0704713628,-924054.5772629776,-711823.7772629777,-920151.3772629777
94,188000,-916214.6089928574,-916223.9952301148,-962104.9634599576,-917861.3619637012,-915117.4089928574,-701852.8089928573,-911214.6089928574
95,190000,-937457.1827032444,-881756.6013173142,-937451.0945721702,-846556.833559108,-936288.5827032444,-682642.9827032443,-932457.1827032444
96,192000,-904657.7964777316,-904649.7830994584,-904656.3464442174,-902298.337022135,-903555.7964777316,-866301.1964777316,-899657.7964777316
97,194000,-931696.2752075144,-929570.4954449036,-931699.1393792104,-931312.6625266272,-930598.8752075144,-893046.4752075144,-926696.2752075144
98,196000,-978325.7229472102,-877689.7014255638,-917164.9285697426,-919738.1567425128,-977158.9229472101,-882026.9229472101,-973325.7229472102
99,198000,-1003921.8329904656,-899597.9387430671,-900575.9470660961,-906785.5758132682,-1002754.2329904656,-907799.6329904655,-998921.8329904656
100,200000,-901655.5818144488,-899871.1635328081,-931676.6445363554,-1005293.027973882,-900557.7818144488,-862513.7818144488,-896655.5818144488
