Model,density_bin,delay,traffic,cache_hit
LR,"(5.0, 7.5]",0.5213333333333334,33.4,0.5612833756617133
LR,"(7.5, 10.0]",0.48290909090909095,31.10909090909091,0.5723995321165505
LR,"(10.0, 12.5]",0.46112149532710284,35.25233644859813,0.5686692415794669
LR,"(12.5, 15.0]",0.3774496644295302,25.77181208053691,0.6487158973340874
LR,"(15.0, 17.5]",0.36763779527559054,30.566929133858267,0.6658986265625273
LR,"(17.5, 20.0]",0.36477386934673367,31.688442211055275,0.6648737110782826
LR,"(20.0, 22.5]",0.32280000000000003,32.94,0.7068751942727173
LR,"(22.5, 25.0]",0.3076158940397351,30.556291390728475,0.7012444954001489
RF,"(5.0, 7.5]",0.17516666666666666,78.06666666666666,0.8438016077939694
RF,"(7.5, 10.0]",0.16363636363636364,79.23636363636363,0.8584547848876138
RF,"(10.0, 12.5]",0.17803738317757015,87.38317757009345,0.8286611756738632
RF,"(12.5, 15.0]",0.17939597315436245,81.39597315436242,0.8337139790000657
RF,"(15.0, 17.5]",0.1677952755905512,87.85826771653544,0.8534458143039169
RF,"(17.5, 20.0]",0.1850753768844221,89.00502512562814,0.8370660504768201
RF,"(20.0, 22.5]",0.19725,89.54,0.8260748402790199
RF,"(22.5, 25.0]",0.18562913907284773,85.6158940397351,0.8303438880443077
XGBoost,"(5.0, 7.5]",0.3431666666666666,126.9,0.6430561758487657
XGBoost,"(7.5, 10.0]",0.33736363636363637,124.23636363636363,0.673689833484926
XGBoost,"(10.0, 12.5]",0.3995327102803738,141.45794392523365,0.5756029825242235
XGBoost,"(12.5, 15.0]",0.3783892617449665,130.56375838926175,0.6165965594361985
XGBoost,"(15.0, 17.5]",0.33937007874015745,121.37007874015748,0.6696854557809392
XGBoost,"(17.5, 20.0]",0.355678391959799,125.23618090452261,0.6442410490090614
XGBoost,"(20.0, 22.5]",0.34129999999999994,122.69,0.6609662389755744
XGBoost,"(22.5, 25.0]",0.37304635761589405,130.6887417218543,0.6158568414279714
CatBoost,"(5.0, 7.5]",0.28150000000000003,63.03333333333333,0.7589876375078174
CatBoost,"(7.5, 10.0]",0.29318181818181827,64.7090909090909,0.7492746906494022
CatBoost,"(10.0, 12.5]",0.30803738317757023,77.90654205607477,0.7097797118169042
CatBoost,"(12.5, 15.0]",0.2822147651006711,71.47651006711409,0.7427650893759172
CatBoost,"(15.0, 17.5]",0.28047244094488194,70.5984251968504,0.7652302614670832
CatBoost,"(17.5, 20.0]",0.35748743718592974,84.22110552763819,0.691618530283052
CatBoost,"(20.0, 22.5]",0.3546,92.02,0.7104481734925528
CatBoost,"(22.5, 25.0]",0.35026490066225163,94.11920529801324,0.6923879510971321
NGBoost,"(5.0, 7.5]",0.13966666666666666,19.6,0.8933170511899158
NGBoost,"(7.5, 10.0]",0.11445454545454545,15.290909090909091,0.9035884761008706
NGBoost,"(10.0, 12.5]",0.09906542056074767,18.542056074766354,0.9088524316182207
NGBoost,"(12.5, 15.0]",0.11181208053691277,15.570469798657719,0.9050761362896657
NGBoost,"(15.0, 17.5]",0.11976377952755907,16.488188976377952,0.9003839474594153
NGBoost,"(17.5, 20.0]",0.12527638190954773,19.306532663316585,0.8989635469484204
NGBoost,"(20.0, 22.5]",0.11695,20.02,0.9030750508693483
NGBoost,"(22.5, 25.0]",0.10781456953642385,21.08609271523179,0.9061951518480496
TabPFN,"(5.0, 7.5]",0.4303333333333333,56.63333333333333,0.619498754088114
TabPFN,"(7.5, 10.0]",0.343,51.054545454545455,0.6921417397225061
TabPFN,"(10.0, 12.5]",0.36551401869158884,60.018691588785046,0.6540024140062604
TabPFN,"(12.5, 15.0]",0.38208053691275173,62.59060402684564,0.6583648805951894
TabPFN,"(15.0, 17.5]",0.3818110236220472,57.7007874015748,0.6612797957546641
TabPFN,"(17.5, 20.0]",0.39226130653266333,62.18090452261306,0.6621907910958649
TabPFN,"(20.0, 22.5]",0.38870000000000005,57.53,0.6548028566359494
TabPFN,"(22.5, 25.0]",0.410794701986755,52.19867549668874,0.6255991980968985
MLP,"(5.0, 7.5]",0.14783333333333332,37.333333333333336,0.8707927101348729
MLP,"(7.5, 10.0]",0.135,42.03636363636364,0.8786550648843435
MLP,"(10.0, 12.5]",0.13084112149532712,45.60747663551402,0.8665106310909477
MLP,"(12.5, 15.0]",0.13778523489932887,40.939597315436245,0.8756472021987304
MLP,"(15.0, 17.5]",0.14133858267716534,44.74015748031496,0.8751048362871728
MLP,"(17.5, 20.0]",0.15894472361809048,51.437185929648244,0.8580273457042723
MLP,"(20.0, 22.5]",0.15705000000000002,51.74,0.859768329064209
MLP,"(22.5, 25.0]",0.16231788079470202,54.980132450331126,0.8512469141481368
ResNet,"(5.0, 7.5]",0.19300000000000003,61.06666666666667,0.8157802295219249
ResNet,"(7.5, 10.0]",0.2802727272727273,77.76363636363637,0.7953579483685392
ResNet,"(10.0, 12.5]",0.25457943925233645,77.32710280373831,0.7445219712369836
ResNet,"(12.5, 15.0]",0.22449664429530203,70.1744966442953,0.7949538511164033
ResNet,"(15.0, 17.5]",0.19212598425196858,50.488188976377955,0.8312446282049036
ResNet,"(17.5, 20.0]",0.2250753768844221,61.869346733668344,0.8151588481410322
ResNet,"(20.0, 22.5]",0.214,62.54,0.8101393164495073
ResNet,"(22.5, 25.0]",0.22437086092715228,58.42384105960265,0.8029659421061204
LSTM,"(5.0, 7.5]",0.19683333333333333,39.666666666666664,0.8014249217461541
LSTM,"(7.5, 10.0]",0.1479090909090909,31.581818181818182,0.8530315480927326
LSTM,"(10.0, 12.5]",0.1909345794392523,44.71028037383178,0.7801875030410106
LSTM,"(12.5, 15.0]",0.18812080536912754,39.79865771812081,0.8073054089855318
LSTM,"(15.0, 17.5]",0.17795275590551177,42.881889763779526,0.8252131850868551
LSTM,"(17.5, 20.0]",0.21668341708542715,52.050251256281406,0.7882977215159673
LSTM,"(20.0, 22.5]",0.2084,56.39,0.7945950815770724
LSTM,"(22.5, 25.0]",0.21980132450331125,57.98675496688742,0.7770450157200807
GRU,"(5.0, 7.5]",0.5258333333333334,188.4,0.5043162609239275
GRU,"(7.5, 10.0]",0.5228181818181818,185.70909090909092,0.5159206477424526
GRU,"(10.0, 12.5]",0.5904672897196263,204.0373831775701,0.4202065896896045
GRU,"(12.5, 15.0]",0.5664429530201341,192.53691275167785,0.4600051204008454
GRU,"(15.0, 17.5]",0.5242519685039371,182.31496062992127,0.5163124133811038
GRU,"(17.5, 20.0]",0.5405025125628141,186.26130653266333,0.4938580614134393
GRU,"(20.0, 22.5]",0.52685,183.77,0.5132104449863195
GRU,"(22.5, 25.0]",0.5620529801324503,192.43708609271522,0.45620249819135
FTT,"(5.0, 7.5]",0.29233333333333333,38.8,0.7759320555556779
FTT,"(7.5, 10.0]",0.26972727272727276,32.836363636363636,0.7835238868880008
FTT,"(10.0, 12.5]",0.18392523364485985,29.514018691588785,0.8413890613032582
FTT,"(12.5, 15.0]",0.21416107382550337,28.42953020134228,0.8284496018339961
FTT,"(15.0, 17.5]",0.23425196850393706,28.346456692913385,0.8141513311797598
FTT,"(17.5, 20.0]",0.2220100502512563,30.55276381909548,0.8289296014775596
FTT,"(20.0, 22.5]",0.2243,31.45,0.8228702851503128
FTT,"(22.5, 25.0]",0.17311258278145694,27.43046357615894,0.8627811338923345
TabR,"(5.0, 7.5]",0.16383333333333333,39.36666666666667,0.8554067758146585
TabR,"(7.5, 10.0]",0.16936363636363636,40.43636363636364,0.8489958752495573
TabR,"(10.0, 12.5]",0.16869158878504673,46.57943925233645,0.8335305706313595
TabR,"(12.5, 15.0]",0.17624161073825503,41.19463087248322,0.8387744225596065
TabR,"(15.0, 17.5]",0.1640944881889764,41.71653543307087,0.8532542793618879
TabR,"(17.5, 20.0]",0.18452261306532663,45.38693467336683,0.8359520581224926
TabR,"(20.0, 22.5]",0.1556,43.27,0.8606841475391288
TabR,"(22.5, 25.0]",0.16774834437086092,48.94039735099338,0.842052007294191
H-ST-MBAN,"(5.0, 7.5]",0.07151515151515152,18.545454545454547,0.9358910016026365
H-ST-MBAN,"(7.5, 10.0]",0.08355263157894736,17.394736842105264,0.9239700137463006
H-ST-MBAN,"(10.0, 12.5]",0.09276923076923077,19.784615384615385,0.9147866490164944
H-ST-MBAN,"(12.5, 15.0]",0.09154471544715446,17.333333333333332,0.925985656358716
H-ST-MBAN,"(15.0, 17.5]",0.12040650406504065,18.227642276422763,0.908592065826775
H-ST-MBAN,"(17.5, 20.0]",0.08481283422459894,13.304812834224599,0.9271073174044332
H-ST-MBAN,"(20.0, 22.5]",0.09915094339622643,16.08490566037736,0.9158029066495853
H-ST-MBAN,"(22.5, 25.0]",0.09657303370786517,13.191011235955056,0.9186945332955291
